user_id,address
0,1F5AanvjwqYPLwpwHddXLkFb1BgN7jDwbZ
1,12b3pjk1tqTEcvxUCUoD1ezsinoB1FYQfc
2,13PFdvbCgKaNtw3QZHPvETgU4WGvUmhQ7z
3,1K8WbJh6GubEbMACX5cn4vcbowtSzms7Tb
4,1QCCQB2a9JSjrjD5uMrhrEJk8ToNr9gb6j
5,14YjLk2Pgd6gB5X9PH3fC4pP74rxgTzMtK
6,1MYLwzKtZLMt7gDm4TkFe8vHxR2D21Qytq
7,151ML157Wbo1rAL1kkZAU597z5qqyW4Bv7
8,1DvJugg4qgvKnjjhr5Nvg7frxMeKVTQxeN
9,1nGnxrZcK6CQafuHNVM38MHd8YXk2d7mU
10,1NuArwNES4AmxeXG6zj4JdY4siQ66us6ys
11,16EXjduk6bfB7xvqkekypPsZKfEaUzfeeZ
12,18zvnoGzW4Qud6FLRLR9Q9qXoy6GxHt5Gx
13,1Dq2BtpvnRsRYVXcahj8qya5WMsXxdygYW
14,1PenH9o2PouZ7nX4r53JGse2n8T8mdoDuK
15,19vHjyZA6pVX9HjJUSxfNwu3UN6vfhUBJ2
16,1GHiyCsnKZSmKf8AdnKSYGNYP5CDheLcSq
17,1EW1TUQQPgdGSUrN9SCPNNdRGRW2Zk1h1W
18,1LpLt6dSmiy8q5imH8gQW7iUwVhV4ZZ1zB
19,1FSpuHSRuuzpv3dYpRS1srv4qYakDUzE9h
20,17kVu5Fm8Wk38pBAmZTa6kqzWbVJxY3Ysd
21,14ifdd9FWDXgk3ncNDLU7vN1dNiXRHokCv
22,1McCa4YTbooye3QYj7465vG8EFZyJZxpUR
23,1EGLUNg17NhRhQAkHPW87Tfj8yCkQFYWAY
24,1Hfhh1shXpBFFkyjdfHnac8NczNxEArg6A
25,1PpfZsmXh7QkfmqAjJmHT5m3LstEdt6b27
26,1BzLQit9zVYXsHZt9qFWzS2NL5J1QBB9sj
27,1Kq7yzTUMvuFgQ2zwVVwd3aAcXqARanLxc
28,1BUAdjCdannAe7GfHPTv1Gk1hKjnMUFYeJ
29,1CAVrUu7jrE13Gpf8NA2RLGEJDdU2Ya1Qq
30,1GsUQjA29Fy2K43KSCVkMYjqFooxPmUTdR
31,18nmSHFZfghNMzz4ubLwYRryYCVA97S9nJ
32,1GHwMJk2Ufqo2zPm71we6C43KyXYKKWc3s
33,1Euob4ZdgQL7KSTzp1JiuVpQNAX1QTRwY2
34,1NRCoEd9MmNptFUiusqVwQ9KJJc9sy7wUC
35,1CfTqMNAaXgEEFPV7qB3BFvPJyaDX83PvC
36,1Pg7hxL9hatkKqzBUxFpLXDTUJZ2Qa2iP6
37,1392MwRUFCtRu45feP6iU1Hv1oC1fUrFEV
38,1HgBvBKkZXnuP3VHkAwkc4AeGJvYPrgh98
39,14hAtapFMxnm3ftkQ8vMP7N6Guo1yTzSK2
40,1JpcBAwWEvVvnKNpspXqeiKg2bPvpf7SxH
41,1EVFc8Aycxy1LsziSL8oNafhQwxjuWskEA
42,17wJj2CmutfowBzUT2cYhn1CQsMxxEN6tX
43,1Jh1EfWrUupDa8mcVBRKJqwxi9TwbC8e6Q
44,18jbfParTnf8AFPsKurcWi1YoTBTLa4enh
45,15y1yjC1acerL5zp6h7CYA3JHe2iyU6z4U
46,1AmSBVvuK3b5cJNfkiJnYeHqtAETiqmCjd
47,1PjAc1K8AMoFZTa6rEMPV3hB2V8t4gxp5j
48,1LBHdep62dsNS4GzR4pKEDjy3iynibfUqU
49,1DHvhAnHKcS7W8gDhqBiAwmdWHdGVBWtQW
50,1PuvmGVvZMxXHqKHjHvvzEPVweF1qUaB1D
51,1GhFgdL1x4Ggcy9cpH5iou5JMNa25mseBk
52,1PcfuvonZDFRHdkhwdS4qfieQQkVT74GHq
53,17y2oT1nZ9irv721tWjNWGvxbxcaUv73Wy
54,15yNSiuSxcXRHCDZmUYws3HHDiEHnyVbNe
55,1D5ucgxKYPhy1dpis7yEU3iu6w22zpVFbX
56,1KGeLEVB7pDWJkLNNaRWqtedgtAwVsA9J4
57,1JawRSETeXXXTsy4LYAfjrAscUGsgtgCug
58,1MLe1C7odX7CPFYafPhcM915qPZnV5cde6
59,1G28YCqnxcHaZuNbSgVKJ7EgMsEykN1J8h
60,1Q1533h3yxKPrPUPMe58pmb7C9AT1pqudH
61,1BYix5v9BCCfKksg1NSySA924L9Aw4kZXm
62,1JMPvMnL1CMu9yaTS1xP8TwMnJhXxoTw84
63,1KDaymYyYRewDFV4f6dEnfnmwgHd9F6M2K
64,1PGR5PEnVjpcGin4yqpB1kDaV6th3g54uE
65,1624y4EZVmpnCaDYc5p8KyLNa8ANPz1HLz
66,1KTbZLbztfy2rp1sixjTfCbySeJTtCLBto
67,14J1BLGgmptaJNnaqpLw3KLRw1eenxfDX2
68,1JZbFoHd7ioCRGT7MevqAj34tTPEVayUvY
69,1Hxsysaqxkk4K1MF8pAdCRKndKLz1TqxJZ
70,1C7f7BNUkSEtm8R4MmFXYQcLBBwwFvqCYL
71,1E9n8YsRB2nwJ2Wfz6mQ1gNFedPCPxpRMZ
72,1BR22YPZsr7gBFoeAc9PNP7qX5GS73cj5A
73,1D26pT51uKKVAoqEbuaimnfoHkV6uJwxCr
74,1AwGd93wte2tbQsXzSCKVue4NRUyu2DJxJ
75,1MU5TxV12yTYGNJD8sSo9uYdEYxYLd44RJ
76,1G14UDqM3fpszptzPXugMizRyaDS1BqFZg
77,1P5TRg9eEjJSUef9MX6uixGYeiA5f2aYWF
78,143yo9YzRnmao99Qo7rByzkuwer4daHoZE
79,1L1F3rkR8ye6X1JhkTb3WiGEXbfTvjTtr5
80,1JwTLSsSrqSr1Hrm4nLiJXhvdHe5Crynty
81,1Es7Z89DD7VfYuorNtYepDXfFZ2121oCNm
82,1P4NuesniUndieGsboaXB2cedUNDMh3CKj
83,1JmjtNb2gDW7nYqjuBLKz4PB7pCp6u7DNw
84,1AgRzcqtEdq2RZrCKFeq6ZbJZdFfim16TC
85,1AgpkXnWvRcPLAHGJC9GwjQsvguiE27hLm
86,181kjgqBC9G7w3ovqEE9NP8mWuxXsa3H8W
87,1nvXBDs94KN1ZfHSqupWbptC74YjBVSet
88,1PVVGXUMWrE4ZscbanGXd3Px4wm1dHvMJH
89,13Wgi8ZbXvoVduo5vwdRg8yQpdvkmDNusf
90,1Ch3KtQXVNcoQqFhbkEXbzEZQX3HAkvfJD
91,18QXzZJmogNBmC7utiiU7XAyVerbBpFY37
92,1NM5FpDnGcQnSERPhh6EWaZzER3hFPJs1h
93,18KzKsoRcYBaSiEJnUgsayeT7iXfu4qGWV
94,1EPuJuTf5CsPjspHxU8kVezhCZf34LCmnH
95,1Gnt3iBHiFGD4FxCBybWWGNqq4fCjufaj
96,1N7bDQSMG4eRZ6Ky8pUF836CYCsSUBnCE5
97,1CQv6WqYfL2BKPtvj4uVVCTrWkoDAwrr9e
98,1Hn6HDDZMBZN1LiRLGEou2jTa6y3zbCQLg
99,1KQUZeBg91oscp5endyXGYAurwB2jrLCvM
100,12KSMh8TfHK5hVQjReaURyrzynXxVLjTio
101,1PoH6kJKbx7FYPjm9c3uUNwUqYEgPPUnaJ
102,1JvNRKab2JHRK5GCwG84Dc9S77ChEG3zvy
103,1Bqt9ypX1RiQXNpWUQsY7oWGiDC1etPk3d
104,19WJ9FN2NbZ4tWhQnqQaa5YndBRh1pfUaL
105,12gTMaQFRBqzPzcPP7KTKmxWfMViTVcftA
106,1HtVD3uRJzTiSS1LzfQLNHejaj62NuWfGK
107,1NAfJbKmeqLueh3uXYaVHxttRuQsd5W28Z
108,12EiPfT2rqgPVcScm4wrdh1xUwaaxy6Yhu
109,12JttxZP4zV7Sw1JanUxL4xiRGYb4WaNi3
110,1JkdivNmVHC28DA7ayPAEEagHk3wkzCS4X
111,12HDUUM6mvR29YT1Fxk6EgJ1vTTHpXm6pY
112,1CnZ4n4Q5VrHTwB797czM1mjmtUGQn2un1
113,1MAYNVnH58ZdtLoMsqZw6apbX7jGR4whYq
114,17jAiP5YiiJeHz3jD1vvH1QsZ472pkVe4Q
115,1LoHmFCwEnw8E3f4GBVeXehTUcNF2tLP6r
116,1BcmQzJHtVmtNzT66KFmduKYTov8Q7wW4Q
117,1421Y6QkBVYAUG9zs3CvNgxbhQzZFmddK7
118,13PCwqojPp1Enn2CfPcHCHK2HrSyMC3PrJ
119,16dfhaEkJ1qkJTMnneX7ouhoZN6gEdHbcB
120,12eBt4eQeYDVA6z7x1N3Q6ZQafc8kv2GeE
121,1EDkNXbtk5F7jp18B1gj3f3CDceStRgURs
122,1N8FHD7dwPTEQdwDoa8UMEXSa1PwywmRgd
123,1Lyg17NUrJKTQ2dxzdVbU1ZqGJud8VLEwx
124,1ASQLVLMMSgjWDGFyLgLSGzNckYkymp9Fs
125,15wr8EBoTLsp6V69QXtdovJNxNnM5npVwM
126,1KbYTt37vL8cUa3eetWzbfiG924D3dmGvJ
127,18RovKjXhd45QqzetSwaSkrNnV6AhqYKBA
128,16EVf8fZFUhB6NHT8Ynf2wUHvb199Uoaor
129,1BpSD4n3g6uUYphNFyYY8W83CxUMUCQCUK
130,15iXwFhfFqSiijt31z4bxjZ4zr1UxrWN28
131,13Zb4Wnt8XkDTmnsYRu5Jrqy8QSYweWWWM
132,17iSEio6YUad8bFccuMSDM79DF2Xbeo3SL
133,149nKwphPABpLFMiKNoWcc73qbpQW2gy4A
134,1Hczq9vmn5RmfcXokyFe7UbsNc1cCTpu88
135,1LXfNgrWeng3jopK8ieuM9GjBnNeZ9NLFv
136,1P5hJP5LnFk8KtBcrarAM2K4oD8HUt4gwA
137,1JqexzCW8xhPbEhtRLQtjdzbgUyLvMMSxc
138,1JZBmAnhy5YDcuCPMyRknKTRVwbZDMLXtX
139,15podg7bAqNtmrG9A9vcc5Rch6YTu9QWwF
140,149yxjbfdYXbNvfS6wbPonQ9rTm4bpLW2j
141,1GpD1gHzPhE2btKjmb3xCZm3Uc8kVK2BMf
142,12Q3PBZghJonUPhko7vGCXiyAktkZ6AZPe
143,13WRUth2NrSPoxcQKLasroY8syFYfTUDps
144,1PoBCT7cKgRc2iCy3LoY8omL5bNRTVyi8A
145,16S8R4jE4MCrwhT7hC2YJR2oszCLHwoT44
146,1F3y3L8cnkqKReBHrCA3J4VHwinaRnpeTu
147,16YYRR87vyCGwDQgPBgnU7ZDe786uissod
148,19xd86Q8MVVDkDC769628GnDKtUW1a75rh
149,1Kw6UtkzW3XumF9T9oGhqSssJAeppLyXCn
150,1DSApXQU8UtZjk6JBykMhYChKfkY9yVDtJ
151,1GsPW7C8oowYndvk5bA5UgaQqakvtcVYSo
152,19mHkqg9PcQrgBJbhrb7oiQsgPjPXNDaPy
153,1BvDoiMno1Hyt3hynGBxtUDoG4vHGx381s
154,1Ai7V1s5XqtFj1x8RCRtsQX3ENH1wS9FUk
155,1GkjZdhatC3nSpPrndJEisaYju6XWmWyDa
156,1QGHjtVRoQD4gLeyU59LwBpZqKgJ2qw8mW
157,17JtPAFgmy5SdLcd9xcRZzvAu36fjEXqpU
158,1CrJ3GRsGM7phV2ys8FHpPKhqnCeQwDUuo
159,1Jao1gRdJEWrFU3aLZg9MX7C7XXwbZ1c9n
160,1L9mvtxz7xX4VpyUdLQVKxsZFtJZ8sGTGA
161,1Bdi6H2DBojosu6zv95hknewXfPLss6aAc
162,1HsVc5DmUWm8uE9TSbkbzSNN4M7r4RmaYm
163,1NgidrXWc3Nowqufgs9hT41iKGJFSdgJgC
164,1LyMtFbApfzAAgSDApRh7sNHjKPgmLYdNf
165,1A5rB9P9PzL6vmdxtfYfz2NDem5Fe4eW2M
166,1CD48YEy11WPz424uBjEBwAxZDZh673rZK
167,193XfjBMgCUqmxk7WtvxJBYEAwKoXL68FR
168,1AiQRYKxYqnxtAYtho58pRsWhJRop6fp1B
169,17vuyw1UJrSaowKGS6iPcKv4YDhj3S9rWG
170,1K77izgeTVSbnCsNQ5PsbLhamEUnwn4Z4Y
171,1FRDgQZHFeJJZeDvzCZhqQe6scYi6nff9G
172,1Hp5pwQaMngARiF1GZ3hgT4Wz593tCdNcm
173,13puBJ931qhH3Q35rTipPUCKTDPLaBGeRx
174,1P1nFM9Dhtz3WBFL9Jq5ZLRsK9jupARUHT
175,12hzWGGFnWorsBGmu7JNE77WwFbewC38su
176,1G6E7DNX7HhUqXyiwpnC8PTxY9fsFGYkbk
177,1CikfDgozHRkLJYPMUMrkXvZUPgWmjnDsU
178,18fZLM5x9nu3H6VnsTY6Dq8dR8MYx4esFK
179,1J1emFamNs3b3jMriwvftL6Y398jmdxDQK
180,1PqgxYFHSwHRBVM3yxHSVGvsLYoC2bLZ6m
181,18cnJeAYdhbZ6SqX25Rh7AqMTgGddBZaVC
182,1VkqtYr56nPUSGgmwiZrunR3rSrN873EX
183,1JGR9ix8fGrf3PFWZuprGigTJ68AuXUdCZ
184,1A86xB8zKdWMLMNuk34nS8LgfVyNedxJmX
185,1NQVj18u1Jgp4rQCeUkC7EcVHqGLatYAmF
186,15gJ8SFreMVJqCPwBMe431n7WCuazV2sNQ
187,1CUxdchPpzVc9tLTuMYDzYzrAvphS72e5t
188,199Rx1CdQHdmWu7TCtrmggUzDxyCtvxyAd
189,16F93HLAfauHFdgNhhuYQk4WPe94w8Eqp8
190,19eFRnryuDPWufKmupSXct8WF6wjbj2A99
191,148evsQL4VV8xzxYGBUrxWuzKC7qxZDwZn
192,1LsRZWfuYUaSNofripeYEL7tYv6F1CXX9v
193,1Npw5vYPJHX25EuMvjJaoUfjmk37oUxWwA
194,129kZ1B8Spd1WyRnyFEByF11sLLX3rAin8
195,1KLDinFJkAT76SbHMcbntcfMmXiJKUKtQK
196,1NMQSbcxjdFVvMLWGk5U77rF6SnrJksPzW
197,1EAyWSaxJTrUFGHsfTtV23uRFhCjgNacN5
198,1LVAyRZztz59TrzjpqDGcPkhrKePzhjMjE
199,1H7hhNhutZqb24hrZisyjfEsjmEGCHC2jD
200,1AWP2M9875M5N2GR58UZF8iCC3PKrvRCYZ
201,17YAhMGkKAaMAgmQKxQJY4ogKCTfB1okRt
202,18aLpLPUNTsQyJ6L67eH2vwd3Nv8U3js2B
203,16hbkiPWF5MJg9t5UDPdHyLyEY2HZuGKmi
204,1PbNb8QmnccRZne2ik9zW263LmT9K9jp9M
205,1EnXTHrpSjJqkXeQYtFdji6tyq9RZ9QrE4
206,13zBtFxGxdLM8AC3YS6hPm9Lmf9j1R8ppL
207,13q4tQT7DCPccZMGfpoMYASw1WYHk3vg3R
208,1MD7eMjy7R9WZZL49nfutFV5fKtR2uevwY
209,17CNVFFNuhukVarQozix4of7VojGpQoQrx
210,1ENw2fnqtqAhUgrM5j39PuXsEA7Ar5YDhW
211,1kzquE4odaZaMPMJuLzqzBUWEWa585qUa
212,1EA7XUii2b1DiWyenB9wbvNdEjSE5StJ56
213,158EoTPTwjihLoECt3oRdneQQRAY8SrwwV
214,1DupxFRfemqmQMRGPzhBXAUkMed7eXvugc
215,1JD2ApUhrt4hEXBZmNAaqDmozwdJ5p8Ti6
216,1B4zBQvkrkpurTiE5QiVvdDkzydMC2ixz8
217,14Jf3zXzGVMmhMrFJ1zjw75pwtvpAeiWgH
218,1P1JWK5PoLBqPSBnuh4v2kBdKsrDRhbwFd
219,1BLwJDLiDKRmsfRVFayR3NbcFnLTcRwr94
220,18njNY3BYFtsfMJgnygnQpDXMfE1UCHo3P
221,1Gfc8876sc5b811UX1h4BJXHgLgCbGhxYF
222,1CY1Jjuofh8Xh45E9M4CCzCDxQz589gJWW
223,15Tz8HkzxdbwAhhft5FenSgoqXQ2fg9Nnx
224,16VpnVARE5Mw2aeCo7eLEgyKE95NzZkeAh
225,13kbNBt3KfWhVkNTvvQbqUk5AF22F1vCif
226,17R5MBBK2VYPjgVd1LRXLm3P9MdMWpppvN
227,14eFpBeMCd3t55LrRnr74wHfNZPn2VyCr6
228,17qErqXY56dbLsVvMS5zukCsDvJeJxYStB
229,1GrUu7WRXgsAMiGA8frMReLfnX7Ay4DAcp
230,1HjNo7mcPQXasMMGfqTqnooSvFpQibkNtY
231,1KHqfQDfpGzqnpc9wKuaJMxW7SJAHzqqcL
232,12wndvfsvB7DMXvgXYMkcpwYHWrthNKAnH
233,1DUZRAL69LdvVrGygR4RG3fRpQUDP5HvVe
234,1FiriLmbjVm2aLb1WF6CaBNDXF7JvS5dGd
235,1J5DsvMa2hxndiYcBUSniMeeRGeyFtUjiq
236,188rcRPucvuLxvZDjpXTEJdZwUk4DyDCzu
237,1HboLkS5K4RbWbsv3gpyM7cLfzt5nZTPvz
238,1GGmThR6bJYZ771dRB3HXgzbT8La1AhLUB
239,1KNEiKbzgZfToXmd1aPFTCba1X6Lp5XYZZ
240,16oux3s9KTQEVhZ82uhijNMQ6h3Twh1VyV
241,1AZ3ZZZWumpLdLCyjtTmcPEVk4BnJKkvN5
242,1BZWhvyDrjp5sEf9iqUQzb2r7CnuxGjCbf
243,149pQiL2uLTKTCJEPE9NvFxrU4Ukh5sMwL
244,1CzPq6USjmcXuEx8yDVG3EnHH45fPLG1Mr
245,18jTsXUg6eYGSWBR5qrjWVxeS9YjLsHYcb
246,1Puj4totxS3C7okFNTP8DgidcAegh9Bv65
247,1CR1yJSFYgLFJEoiqYrmdoDvTTiotEdVAL
248,1M5tjchoDiLouYvtbBfYn2BtJr1iUJynr6
249,1JdomduSX7NegQ25N5M4asjwfYxcGicfiF
250,1LMwasnvY1iGKkdSaBgww8gUii4hdd3f21
251,18MPjoRAGG5k7YS6AFpw5kwRzt2uYVwvPE
252,192qekiKXnmh3pPPGjWLEt2c5X5yprCWnC
253,1J7Qn7PdaKKrfuSnzkieB1RjptVWPunFVy
254,12tRXewgXqUh7YKZF7mjxZMKZfq5ohyJZF
255,18afeUuvEjwRxByjUfekSZuZwvUUvsWD7w
256,12etbVwa5WV76v2dfw8fkWZYPbVd68hCWz
257,1PnyFKmEZgjhGY43WDWvqKQhFXygu6zoxm
258,1FQLVWEWLm668naTgUJMDL3zYhi2Y6AE2T
259,1G7wzvjnm4ycv4z2Z6QhCJbBQESqP3ib2L
260,1C2hJNTrnP7og3V4ssqrytpLvrqViaA9pM
261,17PQkhqhzN1thy812D14hM1YZUubNBBRzS
262,1HLshaQf1d3F1C4C7D3fGXRgze5noXTCNW
263,1DztEjwr1kt8zUm7zeeRkw643wL2zJanhA
264,16YV3tgQT7q6yht9PrPfowa7HpcfpZv6uk
265,1Jq5LbzaB3jjeNdTGwYKvTDeNixqU3RuLu
266,1L2C9vKeiK9oHV1toQ6RLuCGxuLUWD46jN
267,1BsograZFXTyHpJpsr9udPzBDLqQr1Vhvx
268,16BRsoG5w24Uv9BpJWWDjiKHeH5ayHYob1
269,1ABKSHwQJDVLfTXzBtPLtnhv76gdzdKYbt
270,1Lpf5FMbYfGujfgtCY8EpnD5baDFJ7RUCb
271,19TgxYM151Cn19W7oyamPMZVv8tGQmwEz6
272,1Ee8qcMAkRGV1AgA31Dh6jStTkYaE9DGcG
273,1Hr3GANk57xLdc7u15ihJ5bEuC4SiGXVAc
274,1989cJN7LVg5zoZ4QfigW9v3CvkskFyhN6
275,1HkYwEK4s8tAxs162M8VwBhAj7QsWb31fB
276,1EvJ5yzSxJFBLeF1QHGQ54AVfHgvXKeHQd
277,1Kdtx2twMW974S95DxwbEuMfi9pg7Puf2
278,1Ju5e9tygPQ16BSwerXDoSVFrLmz3BCcG7
279,1CKbr5XCmSt9qKpBqQphNCmMH6m13JEBBz
280,1Azm1yGsUa6rxG1WuAUaBVY4MmfpMSmu16
281,17rnMbuDx6kbcxo1UvNi6A3sRHFXBgpPDG
282,1PW3tnHfLPUZ7Y7MQere2PFD9iE5m7pdXo
283,1GQLSWkCykpF9ej24Yq4W9rsb54cXAnM4y
284,1Dc5uJT5KnWYibkNDrttdUmq18pRFoHXAA
285,1MhoHYoPRCMpDeHbbjVrirpH9gn3r18sbZ
286,12FjSrptaJNP3vGYvANEFHPQGtbcj3Y6MF
287,193bB4ukZnxnLjqtzzcTzdG6XFQkptAxpG
288,1J8NYLw7T5w9bbzD7JmC8XahVS5PJZU3p7
289,18WhZzNRCrLPcCnErrcyrmrFheZTPQAVCp
290,1AvNJ7teuG67HUZU9jNyuMwFhzEWfxBafC
291,17pKAx1si9e3HgowmpVETdxh6jbeYL2fxJ
292,1D8snDkJZdRmGsaX1Exrbu9UjfDXSg8Prd
293,1GEuVKNi9PLqkZnjfEwppJ7as7Knvg4kRL
294,1GmGkFBQ81w1Bz6FwSQmGsj5n424tH3nM6
295,1PWaDnvkCwmbmiYVtu8AohcK72RVes4TWK
296,1PegPHnbGL7SZcBwJScrrSLxM9pt89ywbq
297,188zpBeEcau9LLhUVUwDKv1NLbRHEKD944
298,1Lrx5EY13VVy9N1bJz1F6SRvW9MdWVKfVT
299,1LSeaKVx8ceeaMtq8s1Bg4Xu5t4GdxiwK4
300,153XqmPMWbrxABiyeuzoBJ4t4DxAZMSf1t
301,1DwdXrQemtmYAtwxJ8emZ4ASLxTvYZzmJR
302,18SQeDYFBVmbcNNeFmHbiVJvThTvUdS1UP
303,18w4ruvfrCPFBwQuadKYDrT6ycLy5j6mJ7
304,12H3h42ZLZGgLs3ZU9ZQeFwF8s4LudoYyP
305,1M9KtGjADfAFsp7n1L9r8ZphYgmdPGmwJV
306,1C3pXoDs6Y8QdkxR6dRyvQKHzkKcuxSaw3
307,1HPKAnhdxbPmVXR5bcZV1SvtX3pRxM8KG5
308,1FB7FyBy4KTsaKDizxtzdfD1UMvEbVwdZw
309,1Pjvb1Z95qNDk1116L9SrTLVBvPBT3B9wc
310,17oqoSvU3REvK5BpCWGc1DP8EwFzL16Ppt
311,1H1iwHJpjgxuFSiph2pU6KR69TubwfmzV
312,177YDtDaSrFBgoD7nsUioLYNy7zgXaxeip
313,18sqZmuhR6qytJyZMZg9fj9yjPNawSJXhs
314,1MBgiJ7oEzjLHgaYmjYmCNcqTjCtRESGf1
315,1gJz9s1gc9HMU81i7JaagqdvtNcaHsYrZ
316,1NeDQNwNCxRpnrmynmB7Mw1ApA9Wo99JLL
317,1FgHXybPss2dp1hEwv18kwiM6GXLLqzUiF
318,18umd8zSjrYUFfYYjS8EbPquKxsecyFnou
319,1A1CLCvtdkdnsbjp8Unny8J4oZQT11Y49Y
320,15Fafakapx7DRJ6zxqpmsghYi5D9WuSYx5
321,1gg7A5j3FY7KwsuDMdHUmkzV5SSg8QhVM
322,1PBPWhDNLFpdvyqncxpGZMdQpwqEASGBve
323,1J816S3GcWq32vt34aTKUqtvN7vyt1AVp9
324,1FrxUHZs5z3YkZQYDga25guef7R1fDxr4i
325,1CNUNJCkNpHorhkn9L6vuEhH1Ypd2JRoFA
326,1C1ZDNYSdCJ7udvYwR27n55Zg9DHqG7YtY
327,1FrG1J53MrxPogNBxQBg8d4aE9xsjeyqMV
328,1KrUHC9PwYJjpkr9ujV2xwZ6q7xzHGMz22
329,1FYv14DF45sMWsw9BkKBvg3SuHJ3JA5W6w
330,18WJ2BgqkM3CHkX1MJjrr3civcCS11pQC9
331,1P9E4yFKETnQCLB8LZtkPeZR1h3qRM4129
332,18LqeHxnaRu9ZxogaaFyBroeb5NYQQbgmr
333,1DhKMh3eBySjJti3q2hjUbM2WN2c6uNJ2J
334,1H6J8WphySXxCYz7686S83T7GHhVtuYPwn
335,16TLR3j16hzopNmUepmX6DNVw44GPFWyD8
336,1FESuZCjfo2Ew77UHbaAH1WBLeakM62Rgx
337,14MwZwAYwnqufwvSQXkFxzWe6rHAzXEuWv
338,14sMgcJTxYNZ6gTLAXR1SmtRtg7uxsEBnb
339,1QKBQyJajVbj3SFEazpdrTEJxKkFudF9WP
340,1M5Yq1JYb1x1Rk3TJjKtcZENAmz1nM52UR
341,18Dw2o4B6Lreua8iVwJPC953rheKubT3qr
342,17skrRtvYafdRR6xK4rtEi8C32Tb1R7qVq
343,15EFfyiBQdTou4fvScZfSfTL7M6EFGu6Hw
344,16psjuPMhWBiXBuGMcgxRCMAK9iFVYF5xE
345,1KviP8JGVKr8iyz4RrLLNF5gbmaq672PFM
346,1H36gHviwwaYy4GxzUXQS2sPDSSvw6bRcm
347,1EhQwzsNu12anbSHQsPz1nMxap5JzoFcUG
348,13PyoJjMHsJQzfFe3tKxtNUXcXBur477E9
349,1JqdgVV2XoPV7nes3YcTv8fvmxWYWovfn2
350,19DHEbJEtbYFXkTY2uZZpbngUGsmegsWBG
351,19zydaTx9ogDa2tGPqzBUsTwvBuNpCjc28
352,14T14eK7JqpNcXuNV116WSS2hCx9Fpke6r
353,1GRFNCpfPBDnGLk4kRVXKjipTDcQ4zXMaG
354,1Eea1WLJbuQJhpVr3wBsy69F5yj7f2i4MZ
355,15TUvCUJkQxeMnF885TFbawy62KfdUpXAi
356,1DSwz3V732VFWbUufcn3xQewuk7VvXdjxu
357,1jQYMvnFW3F4rLhQNRcmuaas58CkujG7i
358,14ihNCUaUgNXxfYJ8r1cakC9tWegQyD7se
359,19h6TuMZJeZt3oYbG2cCh2gKGGcohTWAqA
360,12hndo6tnumAZNptqV9mVuZLNsUzuac8SE
361,13v4YsHTgQ1A3QCd1qsMybPrP4nahWQLgs
362,1KuzPmYSDh6ELHDQRDFXZdebJh5wiAuejA
363,1DpKtj6x2rWmV7rc98CYsGFqzKEurkB3LR
364,1J5AnaH49pCK5MDXUgcRsxubxrDL4XNsYG
365,1Lo6nanKr52R9tHZWBmKoXgEppLZ8SrigV
366,18uXqW1znQxqBUBSziSDsffYcqeuKf1Xa3
367,15ynWhYpWykH7jmYfhHLLDQpnhNeuFGk26
368,1NamuKV5TQEqHhFKSmghSp8Q7YBGFgryYu
369,17LtMtuBCWjHffY4Gc1uoVfMDx4jgnSQj3
370,1G6j5wXoBZ4qDp3PBMWiiNG9zMufGz3k5X
371,1C43bdLB7Tb2WDpjGMY9a3WMG7ZGS4ZA5u
372,1JyE6kD6AzAohUK4F91DjiEjpSMN3DcJ5d
373,17GTRm3XpU3qiFgQegp1yLfwqgu3XcXTin
374,1GFik4oeArUxuNY7XEha3gvUXg3apouBBH
375,1DAqnynUrXyCsVWiPU7uZmr8PiC9Rscxen
376,1AZxxEARFdX3s1zgeGyEcvDb26LMUgjSAy
377,16bXBHo1QqcBmpdbK6HWxU7zq4KMfVZ9LG
378,1DkN4dNgPHzbrP2Kua8UZzXfgHmrMcBDsB
379,17yZCzSc1bTn8vB12oingPywH6jvPhsNcE
380,17nFYFdsnk2DZvWeoF4ADXfcRvRpasPHit
381,132u59gX4osq32aeo88FsyZZGzxjmRYLL2
382,1HGSkF986mAGQ8dj9z6p36VqgLkLmAmkKs
383,1BVdN1YXaq5s9rLwVXnDXXzViXAWriyF8a
384,1bwb8yqbFEUg1fXpiPoTEbaBbi1i234WV
385,1B1K5dzVgS51P3cXurJahWwo182Ww78MYv
386,18eFY7B6pRWhvGNtHXtqU7BdNUaYb1MziK
387,1CQJzzYJ8m8UMD6GJvtm8MRbzEkcK842MV
388,1FCp9jy9EaegUQsMjcUb7DAoMHpM9ARivf
389,169MxuBAQVuMboKKc1TZof3ysmfvoEBamR
390,17EUCwmfcAQcPJzwqJ48soPnyhFd6nbXmC
391,13vjeJgQjbrXr6k8i9F3Cvs43vpyomSxBF
392,16AnGMMDWg2W75Yhq8b6Vy8uxkDzr8BdNq
393,1L7yinwkqZ7afqkhnS1t5yeGSuCAuJUzGi
394,1BdXvr7XfS8ipkKRF2KouKfahV4NRczrmn
395,1AgqwxQ7CmjiF79xrzyJ64xZpiKSjEN6C5
396,15x9WVLd65Tg3UHDSVarDL6WNg6ktrtY7j
397,1LByLTxw6nGJf6Wvg4qZTd65K7npLDTtdW
398,1D1oWv8Dt8y73mqMud42Hf8d4N9oVAteoE
399,1Da9bNrKEbuw1CvKidyfkxofXCsMWdeD1q
400,1PuHp6YWkUYKMvSQjcnmdAAJ3qQrRdcQHv
401,1Cbp8jBMKpWynM62L9arnr3vsECrGy2cNV
402,1BPjTxgqQD6WMFA5Mnm4mHvvXJ87S3Pj41
403,1Aawj2Bto1csKXW3134sUZFiRsikWor1U8
404,1G3nAx8eYDG9GymVydBtJHfQoTNvCetGB3
405,13QPn3JCQwAfhgCjiVEWzc1cz2CoLxk2rs
406,14rp7sH6MuMkSEVJTPmnr6CZBARLcAjwPS
407,1DfewVJEfaEzJ8p7MbYLCagEsb7LFrRzwN
408,1224YEz7xgUPbuy3J82jE9NSpus76BXPXK
409,13mBUVMfKxGkvLddXx5FVoeeMtz2HTvWze
410,1Nz3FodiBHHzdZQF6GyuW1qW2Sd8JDoJy7
411,16r5aRWUzjBtYAiNkXBWeLE7jFf3iSmipA
412,1GcPhjwywz6UEHLbFZioxhw84iuyBXkZXA
413,1W1xdXiPAoSGjffYCnZfrGEif8Uco7BoE
414,1GwM3eCWCF1GeAZtfbzaE3RUNE8XH6aHLt
415,1AvquevUjqfU4hUNUmxX9kkpGYxkUxGPyu
416,13oWcEPkq26PAohepStUAVex9x6rjRcbAR
417,1CKQ4dra11Dzqyo3VvZ8L9dzRBsSSkcgXS
418,1MCmNK1m11gzo1bU4Fcv5PMofzyyDKBNtu
419,1NEiNQvNosqMqfgr5SceEps99UgUKmJfHN
420,164b7JjkKH2GcMNaAsvShfPkmR1UQp9H2i
421,12TBaUqeXMjJZLgoccFigkaQZRnTQJtL82
422,1GgaEBQzgPrGWzNWjAYmu31ZitohtVQjk2
423,179yAHHBZiuEkvTZZ3VdPPyCMnySf4jZeC
424,18aNFCWXXUAU7pFDp55UfamwUnd6zZSUoF
425,1Mj3ybC3zRax7n9ZMcRvpW36r5cC9A2h7s
426,12ePSycV8SwxsGzz5UL1bxwhmRwcV56JVL
427,1CQ4Rkni12h62w79SV2BVvixBpoW3U7qQS
428,12YXVe7d4a8ENMQzKSCF1Bjhz3iLEsV9WT
429,1KtpAsHgi7dq7qhFTZQtpjteVriNEsUCHd
430,1AJhvSofUTXuZwaMSd2prQCuEqkx4viTiA
431,1PaJKUyUE2pcXKHgUR7nQk7dZHM4StjLmE
432,1GxGovLSSD2zTVp3B2UkA5RtLpLbAwJz6g
433,1NzBeJZozicFZUPLwqJNTmCfPmnrKs65kb
434,1oV9rfy6D7qehtTBJMgf5xPLKC4725k5V
435,17QZ69Wfd2tjYYyN6tqdKY2PFZ9DFLJwVB
436,1NVhDrcVtMxVM7JXAhySaAQ3L5kXvjRZCp
437,1JuwFZrJEDRnGJvRpTiWBhTz7ASLE1WL3Q
438,1ErGGhzht6423nZUZWAyrnGY2e53UjDKcB
439,18ZE4CqnU3tPo8pp9roBWEMeCKZxArqgw3
440,1Bg3oj3ULxLFSMou8RBeLtQiXmvF7piZWT
441,1GGpU5GHAUYxVXxj9JgRXunNVnScGZzXMR
442,1P2gQ5hpQEke2s8WogeUJj8s2FK4XpUEFA
443,1Js8jCyGvJM23FgSZasZsGJKfo4n3fHFhc
444,1LcvaUKgufMpAA4BkqMfEhc4pFXC4DV18o
445,1LeTc3X4jveMWA26s8wotbrV3Vht2Ysewj
446,17yxdDzmrqfrMGbnWtfxotF6JvbX4xcQ77
447,1Lryb6ZkNHAm1NvdvghEfRDoJVHdLBh9rG
448,1G83WgwNzcprUQnZ4sBcNP4GG3Fo3fvcnR
449,16nyS6HeeYWJ68zT3SpdqKto9CEFUZzQJ9
450,1FYYQsiyFTQgD1qdda4SUEysPPuzqSGoZn
451,1FeU9D89FyH4oPqGp46fpkmi4N1AmALB6z
452,16RKrkY3iGJ2USwqGuGgwg278yP78m9Xzx
453,1LXmYfhTfjzQc73zwu9jRhpyWmypH7TqXa
454,1D6X2obFcTuQZqCSjz8NbZnfqTFwUtohAR
455,1AkakeM8S5YbupQuxtYr2BxnNTUn935Yen
456,1Lgjjj14up95CBRwavQqwJsA8a51TLvLuh
457,186bKQWcntoWUMh5eYR5YxAi6RdvCLpunC
458,1JGfikhrUyCW3KMXgQ3CrNLbSFh3XL4pfH
459,1KWF1FRFHVxdwuzhNALCsqhKwf6W6CzTyx
460,1DLni43UPmQrVdaUimH7wLMoHr1KeMQ9hT
461,1FmtaboRzX5Lk33aU5Y69hrRXsfXiAKsHq
462,1ApUWyMHYKGLQSNGDU6jpLj3k77DtAYtb
463,18L3gYyAkq7Q2QLvTtQpJuGPsTrxnqHcPW
464,1PB7RXArURnLxAV6pXnPXG3YXCCzZh8fiF
465,1A1GVHx6dN1f5RUNmeC4FEhwjGzXTrw6Uq
466,1FeevojrJWtCQ6kHXcVnhdqgTbVxxYyLnQ
467,1HcbZ9aZCYWnBvdXmq4v8JyWsEyUPJr9sA
468,14RQWGKnNTHqHKn6xK6wKbekvo5668TFqX
469,149QsBA2SQcgDPdRkJnJZf8tRnCwiweeR6
470,1LyHFn7MgoC2D8bDNqHw9AwZ3w8tfe7JaN
471,1181PmADmSeLiZ2VRuRYigritYvrkDhLi
472,1HJpH3GDwgcZQNfuLMwGVUEnYS6HDKbfrp
473,18SZAacAK4PH8eQ5X16dRYdoq2DUuwyZxm
474,1EhGLNagHAo3dpBEAweEt15zcbmS8f5CHv
475,1MWm4sjwPzZgKu3ofViS89ezx8qdRUpfPf
476,1UthXszYsB8uowuBGEZDMXb66pjgG4QMK
477,1D9SdPvxPmEU2YyoBekVJi88jC2JHP1yLN
478,1NMvyjWp8hhTatHZr5C9bzG37rsTSpFfc7
479,12mTtiKJ5kWAsZ4eumHs6s97aGLGaCGcqY
480,12VCJQDPci8ctWggBL7r7nt5ABY3yU9s9A
481,1M3KypvPjsVhKcKC6jkJEjG9r87A8KTRvf
482,1PZYp8BqnkegNY8SydWTa2PKTQfqdHHKdm
483,1ySMNk4mDECY498YPRa3Webx2fKw73A8L
484,1Eb6q1feVp2ivcyYmW2GLh5s4sfwNUdfgZ
485,15hj8JPkmcwAQiEbTy533F2rCYYM5nNEDL
486,1HA1e6J6iEqzREgd8HaBzvBv6jZBzqqUJM
487,1M4oPQm2edN3WAcJ4bznzSQo3s98f8XqDz
488,1FnGU4MfJaLvG7FBHVwjL73VuNqWHaw3Nc
489,1CKfi2jn5xdSQC3dvftieRVfqPvosEJvZa
490,1KgianzrUcjRRX2gXyGN93M1eZ8cFPmhFc
491,1LTwmkDdv5ocRSbajKgSNmpGbWdQ7PLh9C
492,1EnKK2FDzM7MDF57wyCREmdnKFXb1wfDJQ
493,1DpFeBcPNKUR6hbvWJdVbXV9raZHMuKd4m
494,1BcCPiY3HBuUU39DzfbSJootZidgquTLh2
495,1M5PWGHff4Ua1UFG91PtzzrSr2p7Wr4SUq
496,1BfXQ5fqtNH7BAPVwZkuWKPtvRK7QyjDjR
497,1A3uJrELSvYPmT8cTKmPx2bihbcUgsjGSP
498,1NFH2vn31uKHao1bpKPn5xSmv6JejcqNzy
499,19wBUzew168MyphccFWbvGgfEZdzYKq4h7
500,1DzvoZt1VjXXDqH1LC4znQD1N4yYEQRPWT
501,1KHYNjQoix9E7hWTbnKgUc89eq8HCGVBtP
502,1Eo5tTb3YZXVf4FvRqU3gcZNzkN4pmHzSQ
503,1phhWoteMKLphAzjfLCtxCdmri3X2jTvV
504,1Lttv8H1WtGTXuhjB7sn4U84GqSHhz6Ek
505,1bGaDs8dxPuWYRnf1otDoCGEUhuMGT4uB
506,1NxdVSzsueDJRgjeH6HUiZMWaP9721Veui
507,17jymkN2Ys41cswssDij69Zu66BWzchCUG
508,12pSvvRWniJKc8FYzWSCND6AZrQgD3sUYe
509,1v2VTJytaeVxo9bntAAv5xYBrxu1RKDry
510,1PimA8ta3RTbKMkhgsxFdkZCmfyrcNnqb5
511,1L1LKBiWU1NpC6nZ79VZUQsQHmVkQZDD14
512,16r7TftiRTGzUo6sKXoxv4gCrMujN2jy95
513,1MvTcCegqwAgGFCy9mRVHu2haYdd72JxUE
514,1CEM5FyhNLgaGmLrdqoEXJzEqzapPGKBqq
515,1KLvfSEmxc2vKWC2b9KTEbXecGBabjKzwU
516,1CA4A38BwvpkAFgbE93DXjCqytbces7RtB
517,1Nhe7SE3mKXH4ef6UgwFFhyyXxa1hPd33q
518,15rEfxwENKNLDRzZ9yJgxLaeKzyB2Cn7JT
519,18SW7XbyDuHkrZ7GsrASdvjtDDcDEUD21N
520,1AHjbZcej28AGUzTwGGPZJZDRhzodRjxEd
521,1MX1z58ZJyUFZme3bs59DPneWNZ1aJBsVJ
522,1K2XaDBYzLcg7aU224igh2F4PMdJmDzUom
523,1NB3kFKw9EsnBVY8tGV5bYw7E4W36mwfPy
524,1KLQsg5V2iKkeYaGWW5h1wnmUKuiaLcRUp
525,1GeeGN9H6P4HYU2NJmr6r6BvPeN3Zft9FQ
526,1L9bzzHzXw9p42y5d9jkGgCekuptg6EN59
527,18BiKBszWDiFaW9r3MKdPX27jmYuw4zvCx
528,1LeRVbv7Voeb5F71s9NsK4VnoZWxZmca36
529,1EDDKWebMHTm8kNHQWaW5RqtticQMrGcYp
530,1Dwmxr5EGJEhE7xHtQtWdzAPEXbNW4pzib
531,1L7SR79kRsTTyj71himW2SSupdiiaaUDNP
532,193PcLuskq2nHvn9eZqVk25wEBbzwpnrSJ
533,19gmSbECpVpMAj34MfrMzCGLcJunQQKT9g
534,1EMp9r4XcmxX2EcsiBia5aXgXm4ULYjRhN
535,1JJ4ycyyBBiVDQYTWAhf1RKS2wGQFmZiqg
536,188ySn8cGAzVJGkQxwNde82mNffskHJhWU
537,1LCK76TKGdMG9uzR4isWojFEndmVp6MJVD
538,16GVMAZHAv4PynMvRx1JAaiVvnxySB2bWY
539,12ACuocPbXpgP868WFSGzjahoaTvEAtGHN
540,12MALBAq9SVb3te363aHPWsVDDMwiioK13
541,1APyEaqrYdkoYtrtSAevyHsd5Xgou6Tdp6
542,16qjgZv4A2Bgqv1y3kgCpmA3B593ngcAvy
543,1FZkWwdskpgSrRF9FxsZqbrgjcW91bJ6vG
544,177k2Q6QZeetKmeihPTQVApjEjpz1WTZUK
545,17c16qt8AgesPM7KD7v8x1GZCR5eBei7R8
546,15V5TGzPWn1TJfFeJK5s1MarqhsTiJY5Vx
547,1Aw84X7Fw5MvdRu4sbumDMAGaXjcCawHkg
548,146ZagyxLgB57PGwzVp5oMHNKLH9pqaTsg
549,1HbVAVuqjYAmooBk6An6ygNxGX1r1ySg3
550,1FxRiM4yLfwjHen1Tso7bRXnK5bSnqHJoU
551,1Dwm4rFVTphjx87r3vgjMTUDV7CDsreGLo
552,1DsukMGYXssvfM9WGywVLRh7zXniyYJYwA
553,1BYxrPpqxA39687tTb7LTAyCdHu8rJSzoV
554,1PbgRxFUKJs8sKjmCqR2YafYr8Q7pmjt8s
555,1CP9tkY2TxwKHybzM8fY9sFw8rcTXydGUd
556,1AJa4Hc4oPXdu6XkfoPcAkVHd2hkoKjtsK
557,12gKvXUqdpX7xffCWpd5fJbzh6gQNzCLXF
558,1KGMKAMm4vGVjdcazknX4zDjxyepXGU5vs
559,1PWa8NeWWw5e9Gi7U1ru5m7LQ3QgwmsMuQ
560,1BRQJ2gC775hDQifEPHzWQ6EnUMwJHMenc
561,1G28pX1RV8LRRvSgLLAiu6wjbRxJzQ4K7A
562,1NBcXhQuBnn93AuyW5Pg8gj9vGaoRPj4QP
563,123BGVqifMS7TAMU8FRJxkGzkfw7umif1A
564,1GZZjZd7xLtWyTTPDdmFRSWBA4su92hDds
565,1JyyDa7KGEanZmfkKCrWbPaZkMWMRtJbiJ
566,1N9QijFssz6rTV6m1Ci86MrCLtgNHV8VEP
567,1CHThLXCYR6BwovV5Sh1YGDHN81cf4fRga
568,14SKWeE5T5SVVHw2vu1kAfbiLUXfwwMXMB
569,16H3Yo9vzCfc9PbjhqJQ4HVaiZpfY9DDDD
570,1J2b1t1HkFbDEV2EnWyoBg9urqEpb8taXP
571,1PZBiV5Jy1c81cBTDX7QfSC6Ahm83FnemX
572,1936pUpYCdEiXpwgG7KQQjYximhJFXDREL
573,14erpwWvK2p9iQRnQRfPVmwEHNQdKMmUEY
574,1h8ai2X91uLJzkh4sfKKG2s74zWbxiciB
575,1A95g2HYp6ok7QVeKGhQKVbbZoVXSEZwic
576,1EchUN6J8aGkCcPUNpoVSRSgbTNgoyhysy
577,189BsGe78Tz5DLWKiEWTcDf3KgYqV7njof
578,18ngcoCJ7EcfhLSLiHFZparDqM2xAHSiHc
579,18pxnkC4dxTjFUFPy9H9TyKygYPaXVdsjL
580,1BYiFN5aVzwbCuTh9dykGdtwEETY9unFtv
581,1KsjN3QXrJx2XRekm3jXYwre1kzB4NfZc
582,1Pc42qLr5pwC3iNHF9oDuZnL4ANVhNZ1aq
583,19B5kHfDhKqcD8VE4fe5KQj3t4xFLz7G9i
584,13geoX7nmhhHJnNrjSgwwKxGJqvV7bJvTF
585,1GLVwfJckV8eGjYMabpvzN6VLjWnCbqLL8
586,1Ve8Hk1GaRUfJ78MUCen5JCawPyrKuyVR
587,15B9ggA95h6QJ1YFwh1DdMcKywznp7JHZB
588,1Akbq3PUA67ei7Jy5qPHDVPHM7TZk4LyGU
589,1DvgD6zsCb6eHgqaTPUTSL1H7JVWHcvaJh
590,167LXnPYYMyEVCJxzTAFfkqk23JL5NDPz5
591,18fjjCcSnSR4ygLtKW1NM9HmDSARVSXgLQ
592,1D23edRSRUkcH2RgAPQqTXMx3eur8pBRu3
593,1L6UNvfpprD5tXsjnRsutnTYAcX2ZK5JHg
594,16MunC8Vi68RmwcAutKnJaoEfiaaxRkEiK
595,1EgEyJc159w6VrfK3Tv4Rryv21938n9wHD
596,1HxJQtM1t1RY38K8ysoCmZzgDLjJWwcHQn
597,1KE4tu9246vBZ1QZPUJYWjBir5y1r9r7vm
598,1JsjY5strRqqyHKB61QSXqqJHZK1B55P7V
599,1GagKkgrNvMcARzXjWLCbRvkqZnVFdTjzC
600,1K6TDctvoSx7B3uWGynUXytQoWac7JgSG2
601,1Jk8Xukf8jJwEjEYjjato7B8tYBRyq6R6S
602,1Cm6pKQYvFSy82Nbkt2X444rJaYHsbmRj8
603,1Hpp4WnLJ4KdBBVwbBJGUeHzz5YdcKrvf4
604,1JghFdpAAiasdo863SMHXUYAm5GxMumBD6
605,1L7Hh9ZMqm6ftSeuxkhDXgWE8s3MLXv8Z4
606,12V6vrsjictzb2okgHEcpZt5WnQBMrqJYy
607,14FFBNG1oG6jxfdZoHw8sBcUvM5Amku71D
608,1A9JxBqoft9TAZrbBZCc2KssKMzhjfHMKi
609,1H2NyKPh4gVMjcHQeyf6JC4P32AY1dRmTV
610,1A27ogRiQqZ1DxSz6Ham7xLUPMEe5cFXD8
611,1Bw1SzuSTzJrBkGKoQnr2GWjf9CkrqEMGk
612,1Drp3FjuS4RVDVbBKq56sgmxswscswbmYM
613,1Lna2R4wM6q1wSEyCVDf1tjAJT1PX9pZKt
614,14Dw2bNG2Tp5U121Bn7RjC7A7tv6wcYntF
615,1Ktr9mV7WYVRkhn3NZ8wf12EG6Q5afzU5v
616,1LEUbur3iLVSWg4DZ6yrvyx1hngBYpWspf
617,16dgpKJceQ2u31f9GoZZ81Nj8WrNWhQ2ez
618,185iYgqpjE2sf8WFx3dR5sstL2JNgoCkNr
619,19cXZg4Z2xxWxLCsynrcwS6SxGD3N5RBdd
620,1B6zdxeVSFmQ2VZG93dL5KZz17kHdNWWQ4
621,17qekSftZVq6B2djXZFDJw7EFGYsBgbxuj
622,14xC294EK3ebRWQSKrdqdw1w3qhePqWW36
623,175Acz4r3j8kRtne8Js61PCck7MS7iXDqv
624,1GxKU5e9RjgxEs1X8ss6txW567gwtZzJC5
625,18YVcNtRLHvrfJKcsSK1FVP9UTCTgCERXR
626,16DhNBWvtVTmKgLya9mkA1ZUePLGWCB5tS
627,14SmUgPaa4hy5QgfnpNbrj38kKgFGLpkVi
628,13QuEU241zziwhe6EHa5UQqeUB6R992UDp
629,1JVCQAebZJHQZtQkhjSumy4XLvR3uVroUS
630,1BNmB1rzmhqBVgKChSEQve8NbUWiHeoRbc
631,16sdUpcLjt85CtHusozC95AY2VrVw1gGKm
632,1J57RbWPH6Pgy8VXi5Jow9j9pmXvf3j7yR
633,1ExJWAGTm4FkFwbtFcbxHA333katCmcRG6
634,1Lt9kghjfoHjRbk8oZujwfBcWh4hSeiaJ4
635,1DEVauVqFPNMDRhRSe5zHQ9gxWHTg6k8LJ
636,1Hz6XNWLjXmEm4NP61vuPo7632awkQpAJX
637,1GbXkip1yk88CF7z6EtNDa5QLqfuhDVBUg
638,1JUZmKy5E35jeeb8BoWePZDu565iqu4yQv
639,1BeSwdmC7QP474epvwekm9ybbqyGp76Xpp
640,1Hp2QHsYpeLEZfahXiUNDtHXWTsvdfecFn
641,13kDdNpqFZq3aTT6ttfweMpWvBDDTnmUTT
642,1LM9hvu77QYfMFaKHYcBYGcfmk9HgX49sm
643,1LkESWbgQUEphaoiME4sWFM6ZenvxL1mmn
644,15CD7rWw1ygMGUPxh8JJY6RkEwrhzpZs2e
645,15AFg9h3aN13aahLq7kpZz828xySi8TkRg
646,1DaF7p41LZN5PSpk37H3cFRkSB3d5qARd6
647,1Bz8j28Fd9E954j1JmJC6Eyng91TYw5apb
648,138XZbrsUDyF5ubyDPYSPPrCUmAPzKJL21
649,1MxLHa3j1fAJgpZa8sZS9QLY1yar2KZ5v
650,1G26QvEnoZqCHswMLUi4neustvj4eFr4ur
651,1Eir7bKNaXJjD1Vm345bJ8SKuEKQnwaJwM
652,14nJvMqTWEqL5NnSaUovwfv7kzQAFts2ns
653,1GuiaUhWqFyrHPAVKH1GrSHNiVygDCXc6L
654,156MYCB864RhU4sFVqGDgkgpjnk4LvJqnP
655,1NqULPvufTajG7eByfK2mEPuqNsrQzUfq4
656,1KsZ39biMLuQ2GW6mHP3rnLXa5q6PHAVcL
657,1GHq8a2YVejaF9j8TZkrS1FW6xDVbq7o8G
658,13G449wfHpLt31x145AuSuPzDMdEf3Rv2C
659,16zNsAbMAohaNXrpGohranXYvAU5atbmmq
660,1KSjUiR8wvaxki39JK74XzmCRm51biH1QQ
661,1LmNNEo7qJzSRsegtEajTw1rodFddUJvt2
662,18AboEezrRx2SkMq5nqMUcKgXYPzbm64Y9
663,1HaSpTG5zv2uUJgN89no35NqPeGpFWCmHv
664,1Kjfg1966D4cjtMpUFhxvbJxhwSRZ7L4S9
665,1MPiFDCJJEpTt79tjuLgzF6WdRjfgfMsmE
666,15xV5mJxdV3c7MWM9qtsjss4qopGTPhMFb
667,1H93i4CDordoUFEz9Auzts65jwMQ25EDub
668,1Q5saGkhTKS5vwNBpXbhDmKznA8cu4oCmY
669,1AbKwTCK68ieax7PqED89itmGeQNgLAZBx
670,193opU191gnxDvuYcgSHMQwLDKQ5L9o35f
671,1VeCxJyM9Fek6p2gYN7cG3sYXcSSRUhh6
672,16vXX7nmWxYG2tpd2iRQtxFPu3GZZumrGB
673,1PDPfNDwBcRZNKwWGCQywELuSrDVdPLoMj
674,18d8fHG2CtaXAbr8RzD5nTzy3Cs3V3oTvp
675,12yicu5R6H9XWmpvHh79Z79nkf1XuNKPsk
676,1BwGAd2jyp4rZS1ZyQjRa3QhKTRLLNRfFg
677,1BhhexjixbrVFcCrbdbxA7vwQDTHqgnVi9
678,164TmDNnsZ28NsFauGwNmzCkCpVpWoKMbC
679,1CrBEhGtER3PGGccp8SSxiG5B6bxewZUqW
680,1QB4eEZMnGzpSRZGgKqC137XZ68BVTEY52
681,1Gt6Me3uPQ66jRbBU4BghcjwaMS8JGvHdb
682,185Qfw62FsKksT6yWJSwDDHRXbMVnU8Vex
683,1NQgb8JwKvUYH7CZZiE3pGg19LFfsaiAXP
684,12qXYzpm5jymf3GoFCegbdm9jEFaLbXu6W
685,1DSBwEYoac4ZJZd1qf4AeSpvSstqK8Dmsm
686,1N62Rv1ZTYpSFxx7QeEWJow7sJqBdkmeQZ
687,1KhzPmzuxvdWNcAZDVHi1tbtZhNqmdWgeZ
688,1No2aNkrwWPGmB1jAdS3LhFT8VSgNQdgWb
689,19UgNV98PhWfqn1aNJxW21PKX553B7SQDS
690,1EqiP9MkC8CDy1RvcLiMLfiAkL2h5GpTkr
691,19SxnHR7WAmdi6XHMmTBSGG2qQkwg1YcHn
692,1AhY1WUijagi1XDzCeU3f7nwCGG9LbUqiF
693,1Jr4ehh6vtPxpzNrQ5HNig21QCC5C11Q21
694,1NppkknxyFuqPAwRpNPdWAL7Z7R8qseRdB
695,13Hy2uK7kLJY46M1LkbojGjRUaot227J5v
696,1HkmXvfVjNpjwzWPKQbPB3AjhSrFe7n2WH
697,1MiZKtwRWMmWcgFEPKd5DszK5gm1WgQ7uN
698,18XvTUbX6dKDu1CCjFygqjDNeNuc5ZNj6p
699,1PQa2nRZLufGswiD1c3rnUeDpEKmmjUk3
700,13c5SsbzZJo8kBNYFJ9JG6eZpfkjaEyraX
701,1G4NQ1iQz9BvReumewiA9jdEceCr2P9pu
702,1D4Ndjej4qN2dMBDjPiztPjPNPdy7J4wk5
703,1PW7pbDgpZcPVYxedknCaXxjdHytRiLmCL
704,12KNvL1NRHhVuRhRLrWx146pbjDVhEDwjW
705,1GmbWJiRSLUnX75ctqqTdCXpo6t6Nv4Byb
706,1Mn7r9Q2xsFR8nhEDELsBgVpKgWC1gnc1W
707,19DiP14jkCSKDfY2WvbpJ5UYzYLJWhSxZo
708,15TuPLBsANG1GZXcgeAu8ug4qpwYtzbmoh
709,16fNWxGtTpJowBB1uKYWkEqDopoxEKFBaq
710,1Q1FuPKDisawnJbKc4Vq7MXaxdNB4PDEem
711,1JmV73mHDCrYdYuRnTeVwVbKK17Nh6btHw
712,13CRdFTphUSsF7GrDcUsgy5FrrLB8k9eme
713,1HSgzwP6vG1tMr1cPejjg85XA6bvRhJTi7
714,1Q8tBJzVos5apwQsQft3UPeLPYexFVVvtV
715,1EyrWoBLf3sZg6kPzh9nZNzpD2KUjWTw6h
716,1M5WMGeSjF6k94J6eSgBux1PvepJgSaevC
717,1BWx2fuxP46uXhpAzEVMZUg29xGMzDkC8k
718,1KFm2pThEhs1aCjw6vWkBExG3YL8gNyUzM
719,1HrkyBUaF41nsqw2PVGZfhF5DLuHRexw2F
720,1G5jiGS88k1THVpBmMQbtWopBgYivf5atU
721,1JHhuf8fythJ2T9Pq5CXa7DkQwG5HXKa4w
722,16CwX3mcWhXhcCUqZqtmyTV977qrQLEi1N
723,1KjEcrbExsu6K7yb5FWXGUngdXkUDucKXP
724,1FGX4cCtVnSM56UkchqcQhHZxMpkgpiEie
725,15Y2hdvKagToua9tFFJHucbF5FQHuMq7Rj
726,1JCGqLh18oB9LScpX6uHYySSH86V8syvy7
727,15Kijm8h89Hin76SEaFb9wPhPc7ky6wFPR
728,1E2UqyYtcZvpdEDTVefNT3naNG7oiJ63io
729,1DQ4zNjxeJHe3UGCVRkQUvtrog7Qz2NF3
730,1PVwn6XMTiD6nv5SaiXVuNTmud2megV3Yg
731,1MQ8KheNNRdCkyVsCkqR7YRiyVYSPJE5WJ
732,1Keutcp5yEXeqevYqqdUh1uoEmzH1c38Sx
733,1CoHpfEeRGn7ozCeWGNNxSijVQeYGBbrfj
734,1J1ByE1MqGqtZVGCHctuGo8WLNsS1dputh
735,12wMvSbg2W4rzvggF1CwXtTREYQ1p9Y3hb
736,1KmSGEDhBSNBXNTSZNCjbSNH6PCrKvvuSf
737,1Hypo8vsf8Vxt8qMWoiQ7xwgiH5imebzvb
738,1MMzJd5EY2DDErU11NgggZKX1wYYs389aK
739,15qLabuncMQaRn7mAikSwwR5RdugGpvTgc
740,1LYY6bgJZTdTnpDHucERSd37eZ23NU5WHu
741,1QEFJATG536BquSrp8C4rG3PHggAu4eqzF
742,1HvnGopichf39ZMECAp661JpGSacRknGAU
743,15nYdamdKGMWCpKvooTz6pErU4mjPVFFAc
744,1FW3EKDsZZeDruQLwvnKaFPcpNwBys3uKw
745,19H3uwDMXaoagXgVphKLAcC81YeJwG2vC8
746,1PumQVBF4n28fNzyBjLNV9FRRbr4E8UKVv
747,1HbiDvZjsqkSYjPfkcN658t4yNjt29Arnf
748,1KceVSmbJCHHGF9oudtssczKwNrM6XZNtB
749,1CYNXbfbC52RBfRNdLczs2gDrdDudGd62g
750,1MeQ1Hy8hVVntHowsjTAcyZXESCjccfEb2
751,1H4zHGQxcjwP4C9hg7KqhRwcwms3LBr154
752,17a4CoomGuqWCLY8gXJFEL223XR7RPQWzG
753,1CDRSMwZKsVyScSBp82WHj5LyvFuyMobT6
754,12pF2JS4pimqtpwh4NXZwu7o8twYnappAm
755,1ENwZRQKRCE6FgHWaJPrJTac2JSTDW9Vtx
756,18WciZ1c5i2LjyLP7NYCsMMk8p9CsndJpY
757,12h1xJKQRr6kjWmHfNdzj1RaEtMDE6MjBF
758,1DuY2tCSPLeinxDxKdkJWUQrA256fdga48
759,19g45MLURo2pUU9rmCrULoaJP1Eh1cem46
760,17PadQ8LMnn2G8teD8XAkkZoGKpKA4ZRJG
761,1Np71bsKaNmf6YSG7vSg739YHWWE3KtwWm
762,1NJh1fC9uDYKQ6k7zFFbBuzYpWNh2hnm9f
763,1JFEdJhLd7wL5xMAADzVQtqFQS5zkfmsEZ
764,1NhFsPUW3JkDgarDFD3Q99dLyA57VUPRQ1
765,1Atz5MqwxWvDbi9ftmd6MTVR85Cu2zNkmJ
766,1NU4AXZ7eQVPbG2FgL8vNVWg1kdiR1zYj8
767,174Le3WMJkzuqozdsnLuaScVddaDH5VkxY
768,1MVpuhPXgNvGUWbnGoWahU7izPtU5virS6
769,1KnWW8FJAim3g5vrBukDekL3eeMDT99uWm
770,14PEbcoTNoCc5mQFhFnDZCA31Xo1mTHrB9
771,163S9cQdhBgqB4NzEd6iVi6xfxgbdBvxcy
772,1Ae9VxfUJ8pCYjpQxC6FGpkDKSv7LiEvoN
773,15yCEn3BxZr3nWdgKGfexWxPDzwbrrB2Bf
774,1PcdH4CCvvUWytm9MDukEuVzAisaNjJYA3
775,16nx5hoHx9VsZvT6gtDzmiAM1kcj7Wn2zv
776,1PsVrVxuQF3k9fzn55DTPqj6ibQQtqTs5
777,19qEBk1XaRHR2Ns6PJgGD4eMkikx485YtD
778,1A65aPyHM43MXV7GwoCzVfdt58r9m5KLUW
779,1Kitns7qNNW4BhGUWy43tVXWHADV82n4K7
780,1EcJsWXvK1GiD47VQxyNwbHwu64eN7znvN
781,1LVCJAytgzQm2GynMd6znwFXeXh6Z3tSiP
782,1PFfw9ZwCzJajJXf3WKrrtrH5h2LEXAcmW
783,1BTrtxrnw8M7cL3XCptSwAZhs9BWrtMrFL
784,12JNcPzwQaw4r5wNvDxZVTTtbUQSrcWv2b
785,1KCQfa6m3j9ttZ2VBgKKZ5uhjSBjQwBTuQ
786,14C8ciszt5P6N5ccqbaHR6RsLXpRCfKWBg
787,12AHhgM8G3zynDxEJCJ9SHNPqNVJoERmhB
788,18waxd8oQgxVMMduiN873Zm1WytN2rkTBm
789,17hBMojkbmqBaYtmCZeKk2k6BivCxmrS1n
790,1FnjvLZtUihJVJY54HZnfpc34v6JbJeNop
791,13gHSPcqH27qiXZwCJYugYnbLJa2RLiY27
792,13VEAbHrseT9QQooEyyMn2oDrrPmeN7JuA
793,1NwMQiHwjzMCeFpqwt9GH1fun9kjt6ab4F
794,1CGkU7XyVRgwCzWVV6rZgCGcpixFBTu5BZ
795,1AawPcedFZyn4ZZ7SmrMwm6LpM1GbKyUeL
796,183jcCuxyHXDE95tiQYDvdaSgwqSAp1v73
797,12hoqBrPoVHy5sxLkWPsNzi7CCHqzXa5v7
798,13nwECtuPzbGn75QVKQq9xiExS2c8p2y5a
799,17g2kvFGXbqtJ1QwN4bAGUJ5eNmdPr8gMp
800,14vedY3UpvxRrH7M4hkQ5a75U6YFxXDgfC
801,181J5KQgRW7qZAsizaGn7fcSREYTndc3Js
802,1Pr7Nr88uA8YFPBWtyqJeiyyvmgvjTyMdE
803,1KWcn9qatx9NrDLfFRp7Ys6X9wtzcr1r1w
804,18VcVHMk4ahRrWofjVRKPBNUuSH6amq1Dw
805,188oz8epctxxtEoEa9VctiL8Av7gccCAku
806,17thMA1FUfYA3D1rkujeDLgxgGNFCUoTTq
807,19bCrjTBvRXiMuPf6p6t6UbmMwnXcucjwf
808,15iC2vfUC3o7ex7cHRC8jQfcWVJpVWcax8
809,12VJL3rcVa9s5k6XMT3cG4UJujqQgxpfHV
810,1FCqxNzSVcjBoKgJ9KabWTNdFLgDem25ZR
811,1L2XzYpggCsPjdvsWVK1EpvRcHuxL4TZ2r
812,18uCRfbhSoAdGcgQqdWPYvFzSVwxvMC8dw
813,19cXLjFtHdghWdaDatAYoKTwUrXstrrf5v
814,152pV6U3e3pQauxEAttrS6SS9j6UhicEop
815,1NmK67kXsYtDAg4WkpDqTCFg4ZfarJCChN
816,1J4rAF6gDg6WhuPcoJ8rxdNvVHhPc4c7T7
817,1A8H4q6CXZmoxPaZ7GfTBY1GhKwuZtUp9o
818,1Mh3S77kdPJ2nSKXLuaV1VULf7QgfRxujB
819,1MVc7UGkTfY4AnkZK7RGYofPmNebJ7uKcG
820,1GNdNUzhgMnsfjwrPUjx1qRUEk1trs5mPu
821,1C7jJaywHHLWCVu4KzKxWD2XPW7aZfBp1K
822,1JZVPNBFuFVSke96Huvqx9Vuurf2fXc3w8
823,1M3S2shT6vvSv1Yzf34Nh1QYJX2bGTem9z
824,1HnxYhFKegiekZibes6QDKYmrBxzhutq66
825,1Ny4MKNzxTw4SMYbZJrhGfB8Qau2H68qTd
826,19uwt4JrJ2HtDXULumuQGRNv9GhyZxqEud
827,19U76JLR2v8apdSD5zhXcwdb4RGJWHSJHs
828,1EXtQfGV1hvsTyR7abiHQ4mSbdBvv7xaGg
829,1Lw9PZiyYvB6s1221BK2F9fjJkBop6tMw5
830,1G1MWKbC5EWA45Ga8wwhRRwk8NUms8q3Gw
831,1FaCFNSpAm6LvBhyqRjbWRmLt6Wf61WYTY
832,1csR68V4f9rduAqxXFYY7mEuB3PP2VfHE
833,1NvmCfz1A3gTpqKffquKkQCsgNzoKyP86N
834,1GcvvyomesYU58FmqYU3uRRX46EhKMVrm7
835,1B69Vx1xPSaapoCvHZZtZt59GQpnt2Yi9X
836,1MtEMZtMojuUhhLoSEoToDRQxGBYhL2PjM
837,1DXiVEKwaxRXrTpsEaHpQ86bpkCyPnrfPL
838,1N6QkQKYpa639EaiUKvMSsXUTwKUFtnspd
839,1MUGrfsEzJVXrWYywxfuRGGcghifkrWzJa
840,1MekQf1t3XZbNo8js4uJWXpHJ7qkjZq6zi
841,1JEzTzkLpgiYEUPb5rvdZmjjvtCLDyUnYH
842,1NDxwFkG4ZDgW9EqpjTb6msvnhrReRebYK
843,1Aug4W5q2UJp1UY8x7ohnNRQZ9ksFvJw2s
844,1KwEEsUKpK4h622ZYkhvbQUJDMYhsLdDYy
845,1AApMobLBDKu48eNz6t2866SEXNmkpAC3n
846,1KDNGLM8xx9zpckV2tKge529ddCv2QwkbJ
847,1AsvyPzMZ2vLrFhrwTr5W5zqcL6WV4xLWJ
848,1FweDdbRed5mnNC2F9ha7DDqB7gq7m8NX1
849,17mtFffxRtTkCoATPJiVb5irUKLesQampG
850,1M8YSMNRZuS5e9yTr2voraWAjamXRxHo3G
851,1BNPe2sFsgdf37RDTnusRUQ6yhX89V9vf9
852,1Ef8sZNv75JYurY62QX7Uncx1gCuPVL1GY
853,15xV4HbREnj4ytE3G1tFE3evFN9q5ztHxc
854,14wgFmZGbrhWQEvfgtGPFNCWZNqKJKDZn5
855,1LqKduBAJc1Xq8sibyXEbTTQBnCmphkhNM
856,1Nei1aTMZn9hEaxXuGkTVGYEXehhHqZN8Z
857,1KYnyuQi2yDPx1XBUDMrfBdQTn2VfdrCti
858,14ppfMTN7hmbv5QfKxwegSVxgU97414UWZ
859,1DsLiYKTUixWQ3Yqr6vCXF1M8Z9wiKa9oU
860,13r3Ejzwdr3XMs9eB5EZBr5mA4FS6avPF3
861,1AcP2JMGPo1EukLW3fLmxzGbeQAhiFz3hG
862,1FGbkjSucB7LefzZr95q7C8M6xZRX9WwnK
863,1ECoQp9rRMdB157mDtFZ2EssEbX3bmqkmo
864,1SebLT7XazWsWPdsykjH1NjF8LvLbFWy3
865,1NNeh9unbAyqRbwDJ6agetThfLc3jAGKZg
866,1L8mNvAFwyfUVCfaJWB7hS714zXR9VPQ8j
867,18F7NfAKHREBm9CL6yz7NqQ6q7oLjSeMJy
868,1QA9JsTA8i9mkJiPwZMmWXXTsDKE2dKBPq
869,1NhkHBszqCCQMSLhaimhwv6SVyikUmagtQ
870,179aJkNrybcUprwDQBVPf8WZBgB6RWwmVa
871,1M78X9XgTrn5WoKTU8gKtnmnFbRTDonGep
872,1Fry6N1wxxXg1JhYUhiqcSd9enKVCy8xDq
873,1PmAMEkhjAUEM8ZZ9zL97yhPjrYUSSH8We
874,1K3uCtKcqcBntwDuRHeL6CCc5ooHp6r1NR
875,1CdzZ4vfLeJzfR14PnLbHw4C9d7JyPhbsW
876,1CPqjQGThrsVwMZ3RqZFrb73x9df11MKZ4
877,1A2itP7Qi16KahxnAjNYRU3eNDLp95hSj8
878,1GkcVHr3kCPLyKrYAPyuGgZjobWYCoiZVx
879,1SsDPzZcpFVMufKG1xRLusrkQxybRVCEk
880,1E7jWWNUfTyZZXJDhDd4SaNjaHWjykWnZa
881,1Db5piggUo4C1D4bEb4BYEPfFT9LjjEg1y
882,15ZWCvpDKEsqbVsCA9jNVk3pbUpD19JAMH
883,12Km9n9Y4LzNWqAwBpgnEC6cFdhZCZCjKM
884,1Aw4GtZRUhgADw2reEWr7fzFwN3xrso7DE
885,1BsoY8nhrHns31tTUZi5nTh1MWePvdgRKX
886,19xAXodUk43g6bVb5CWf9HdY7jDW68Fjfn
887,1ENDfGJdMZGHShkx1WvhXqsSoYAEpMWNbb
888,1EQgYtHoN5dT4Xde1D7Wm1kFjezMoSgfeD
889,16q1TRcP5S77Fa71HtvBNSdwEk27NnnQwk
890,1JPWhaP1cwVx21tP7y6WooeL3C6NmxBiim
891,1J5rDkRgx7jTLDRuCheSyWCkyfyorYhomS
892,1EXnNQ6vK8VJVZgiHrH2rMHUp3uRMJi3rX
893,12nn6TbipHvjdDQq1oWPbj1CNKr2MhvCNX
894,1D9Lv6YLcFQBhvyEWFXEdwCV57SWj5KLaE
895,1HgwQKFmuMgx85c4J55TqVKbdHNyADyLDJ
896,12xSUJ7P5RgSQsk33JjSo2DQS3rJapJsWx
897,1GDnceXzzqGgYoFZitcGRzPDiVnnxkeY65
898,1PubALdcKFoF792sotvwPEokXcNAtYRZjZ
899,1Jwq74DDR9gijCwPDSSdKCfnSZzWqpsAHL
900,1LR4Lkze77K7PfaYeaLA3FaFjpwJf1NGXp
901,15p9AhYax5UVz1rV1ue1D9RcR4MXKQUBHq
902,15Zzq4SedtnAQcFpGiSeuGGUUFBLJoQTBH
903,1JGo3qiURgvD3WqVTvhC4AEg9wRPZne1oZ
904,136pJqmM64N9RE3b51yVymsvhL72sGkzzb
905,158ZvSfBo8ZPsVRv3FWfvkvJfDtnvDZmrx
906,1PU2Pn2LX6fadX9TntBwzaSSoCnNvjcDVy
907,1NiGGzM9Qk7d7jYzZhzCxsp3QnTX3hf2Mx
908,1Q5PMrGA1oujfxbN68PNgfeq2wxstp5ndK
909,14CSaGt9esAJH1ATVDgc98Q2CwdwJ1KBjj
910,1JVSVWvpYV6pxK8xqePUB22ebYWV3aVtk
911,1pbAtrd366DCg9NLyeofRA3n6TUUSr3ti
912,1fzEkeGpFwQ3wkJwv5Ye5YCvzw7rpiuCp
913,1LcEjt3zBWJzzH8vxJGwBJ9ZrbJqe9jfCj
914,17bAZQAzmebzqMDrarksRfN96NHeT6tbdN
915,1H36bMjqGzaWnxvGkJid1bNSPNAnEoZS2v
916,1G9SSVzVjs2KV5ZjXh2FBNJe6i4t9dJp6W
917,1AXx3WBd1tVZut2M5pFySJA76K8DW3vuwH
918,14G9h1VB8bv3nTQ7vRWFu1FHVCH7TtpQV7
919,17JXrqeoUurNE5aPyBS4ZHHehuqpUMRoqc
920,16zkpLLraVEABmKLtoDdvD9qABrLbTYzdZ
921,141RdLuyixQN78vE8aWwyAWKJqWPuo3pXq
922,13DU5AcfvyWAPWb5YGMAr2BMFN6qNdYg99
923,1PBf9yj8x64nvMfYDnE6bUJw18E5FxvUyK
924,1A3ZeTn9z82Hi8LvCFaDCfXGFLgsWqSkbA
925,17AngAe3dhTddwq14msjcrYP41LVYmaWeZ
926,1J7GhBCaSG6tSTT5dz9AuSVW1tRDLNuRAH
927,1LHbvS3xjgjvKaLbjyt5SEbWcixbspohF7
928,1BJFMPrSAmuag76YzSQZZBU3jRtwyvFw6Z
929,1HBp1e8AcZLUmjEyeUUKFu3df9L1hyxpwJ
930,1LfGyF8iwsR5dr1eEj6aS3S2Dufyar2EQZ
931,1P6vG5J5EayDEFCfMUHEMsiamanehRZd4
932,1F4C17aTtxydvkFTqBZcxp1ioWC6Y6JzC9
933,1H6sTdDxhuYYHZmDH9j6wmsZ9XeY444ecm
934,1EX6JAANW4dxVm26QA5dfJ9q5e5DshFxwk
935,1MfY5e5BQD7aXhSwVHH8npr19QzAcKo6ea
936,19Ua5HHC8qhBwCpRWtqxidz5wM9d2ZeP7s
937,1EiNGGvzK32gGhkNbxEczhMQoPM57F9Xsk
938,14GC3bjEbJLCQxpyZmXVCypLRsqmKrJMRT
939,18jBNQTA7iiVJehEyfjg6CaGxNnTviotJt
940,1P8VXYYCzUaHMQoQ2XTZ59bDnF2AGz6PCw
941,16wUhmB7sAjDQFwALgxc5V8bQ2gR4wTtxX
942,136P67fRsYKK3rcfGdD7ihR2h3YKrk4ff8
943,1NvzGjvVvQJde9F2W5y1mzB1XHS8DuZPbx
944,1PKDXdSdnbLiq6VDqRqXDeatKeZSdDFj4e
945,1GXNFGCqNQkzb8ZV2YbXrA6NtP3vftmyGz
946,17kcrtiWakmQ2KvSzy3SrLGq7mFK1k5aH5
947,1Jduf6KBvzPiTs1yhUAnKLTQYQZUPqt5Vg
948,144BwQK1DuW9eHB46sCy8uiFkpjBEgL211
949,1NxNsk1WDjKydXna2o7RybxeVgDeSpD2x
950,1361t61Mhuis9GjEbKWFZfpbsNj7ZLa2Qx
951,1HfBnBcPCc9ziawfk6T8okRXRts8JipZsS
952,14MWrjQDDfhqYGo7P2uisCF9nCWtAyRdSK
953,1MNGVjfmg9ikBMMRX3vsQeit9TMbXufD3a
954,1Kj19qoCzrPniyebRcNtCMWCGZbVRgMacR
955,1LbL8CgdVtqpQUiZwtKykSYbV76dn1sWo
956,17JUXoWbarqbmkpTkbA3RdHJfCxT1ASB1V
957,1NdkQjSJd66HY5mLQ91r4fomyo568py9KG
958,13nTfSuufzVrj64mmzvsM1ZZYfdwrcow3T
959,1PWLhZiHB8GawkkMJS8QFnLx8ZJFMjgAd4
960,18LKiJEp4rGcgqZ7mHfsXzsyJjswSU3xG6
961,1FY2hZuL7YBBZCCXmnjFMfrvPimtuBzbmW
962,1Ck8usGykXGTN1FnfFwZteUb6bEo87ydKx
963,1F5iYK65oscuWNontqrVusETpwfbGv8tHW
964,17ahwL2sQkrwdTbSKte9vqgfb5XuN3ZrBD
965,1Lu9MdMCj37uH6gWJPjkBQivNZbYCLqeec
966,1ANZEMas5xP8CCVbjhmwm3E83RQ5h1sAt2
967,155ZDcJGDbsZvehtrNc6pLcz4mrGsKWvSQ
968,1SeaqDVDLuBqrhGRfKkPn23vjSEK8Bhuk
969,17hd6k57Jf63ztLQkji3JuTqo4Li8hEHhh
970,1EYaMoRp6NXpA5R9FM59bUFiT23cgjaehM
971,1DiowqA7qyw1M4g5i8rui4qPrdgKj5RY81
972,17TNMFfsrRKwx9aABr51vgyeymmEkhyGPg
973,1MEsYQQBry1ynpedTRVkhYuCs8ntzJ11Rt
974,18qbyDNP1GJ8beUsxTu4VXP8tAkEKomMTb
975,1CFEUFsumk47ynTL6EQUdektVcdyZH7jCf
976,19xZRGeQs4nQUQ2mUgciJ54duBX3JDWvYh
977,1J6B3azuYqhuWtB4fno1s9KxpWjwxCYHzo
978,1NVyEJ12DZ4oWjhCvH4RjV4vJQLMb3tDJY
979,17i9DZXDnALxLpDVXGsXetpuytAL6AAiXW
980,19HRtkXjQgNF5n2ujwBdbrSSTCjqKRzz38
981,1ApCKghgiYUTuC7reWihwk7YrVrpwgJMfk
982,18GR4kSLBqi3FZGwvxdqvoVS127NYaTyZ4
983,1CYfjQ3YpZhadchzgBpwuLH2RGsoSKKB8Z
984,1AC1DRv6AEKtrMsioLjeKjTUofxW7cz4tr
985,1EDrAC9ZDNq7bn2VjQ75x5XzYrG3JNmTKP
986,12wh1u2ufdV75zefUaS7ieWaheK6p3uwfr
987,1DNSb3ptWW3gWNTrKMaqtcJZXrYYtEcUda
988,13iHjyNmJ6YUzxyTtSPh8r8DaXUB6dkvMf
989,1PjDqfE7yvow7kTyHMDWTYcfG9eT17473
990,1FJm6wKHC6ZnyYVM9kDAHvHHD6j8Emhgj6
991,1J5zQsRHtVdxmwBmHHqjk727229TQC2tno
992,14MVZe9MfCD2NoXJVPUWdeEg3HEArm4EMo
993,13LtEZh1J4GcsMJjEokZzFDs2xBWoCTnma
994,12pa9FjdMaE7gMbiEJnZ41RC1i9J3mmAUG
995,1ERtD36Y4V3kkmK7z79KxfFegFJjsGsXjh
996,16ARDMKGpZbpQXNFYEx2yirDPaUtcyJb9B
997,1JfVWNdzPhhR7mCoX2Hmj8xBxnvx6eDHd9
998,1PiEwuWiC2GBBsscwqBWzbAv759tkc2GWn
999,1CR9iLKAtYm1x8tmE9KWQBaR28NiAfPm3j
1000,1GH6WWSDtcpjoAwLXtPcsfkT1EuydrjY4d
1001,12hHcwhqXeH6SgiCWfUj3eGgUPFu1yfHMT
1002,1GBdcUrVh5jrdv8qiMhLpv2CLvbTY2pV1o
1003,1F1SMGFthNZe1Y87gi6ZRv5vtUmxp3TxU8
1004,1Asuuf8TUJiFZhcEkLQ2JDugFwWhZWfN4
1005,15PVJdBgr76U6rCoA836yDE8TLhu8yUtpo
1006,1NUywaBGuconYUgiZaJA2zPcdCWta4i6Wm
1007,1CazPxMi9573nNW4qsjY6fA6KSTT5yiyBf
1008,18D1vjkJCeE3QnzdgF4iFjzips2giqzX6M
1009,19S8h8MyXmyoQDU5MyGUNLG8zgVqQfEerr
1010,148ssNPcMoE8R422kw652U4bAHsUm6WTgN
1011,15o5DD4EexDZ9RT2t4aEamvEsVgBdKknUr
1012,1AEAhw1Derx6piqN1RLiYWPG1ujwp7LFR2
1013,1Gz9gT6h2AjQ3o69rnaDaabpVfhxP5Y7UP
1014,13HPNXZQhKRiLbAwT81DZWDdgGwcnobRy2
1015,1EmkpKkFVWqRbtTvXYYBmB6LAwuSSnfpXU
1016,1A6rGna1zHkq2GU3scBqAtKtVWAfiBFdfU
1017,13mKBMB8BS6araNY3946Eew6xomeXcu76i
1018,14iGGXsNNkuc65MkEprXh3hbNj9sK8LesP
1019,19CTgFx15rYPd8y1CE9xyiSt4Y2BbvVoZB
1020,1C39BHr5NcxMzmYPMFZx5vsfNPkpp47s12
1021,1DaeBirJksJXbRx81xs2U5qtQjNFpackbf
1022,1HoLYBMxYVAa6qrCbLsygPJsvzwpLhqHrc
1023,1NMM4jmTA6dDthC71R3xB1UKXvuUfkMCCw
1024,1EU85MnWJ5AFQchvTTfE4Gai3EmjSz6vC6
1025,1CY2cms1uGHVvpmxZG4J1vhK4G5dGvSwJP
1026,1Mr3ctnUjNixKVpGZePTsHwxFjByG8czuR
1027,12bUbEusiX46GH37QTuWKzwsLnZw6xqC3w
1028,1LHswMpNgDsL6vMAFM2BXoVr7jC52NmBCF
1029,18fcwn745xMcnju9RPMAUJ1gDu71HwFft4
1030,1LJmxavzM6CCuTTLKEY3erQ9WmkXXdarky
1031,18xuCeWM72pqbfcUZ5DVyQ1Pz4yg2hxN3j
1032,1ERNwzWS82S9nci2oHKHSr2YC9JHoxD8io
1033,1Bs7VSUosqWs5rQgXQ7t96Q7er15rYNK9W
1034,16eQbDkCo9C5oDxm8mw5Av4eXQqd4D5khY
1035,1KCVAFwetUt1DVM5CiysydBeWhWYLuCNLV
1036,14uqEqyyUaDTkXxqvW4jWTSRY9C4E5PmBL
1037,1CHq7tQrkgWyJMQ8xD1StrXVxPw2cqhRso
1038,1A9rjfPsNQRAKwiyTyS6xVENXhWXCbx71U
1039,13Xfzmde8RbQVnidDdzJyisReWxvwXpDhm
1040,1EZWyhFFnKQAWxcDgeYwD2yhr7ahhc8uyA
1041,1XLgaZmqbcxeZm47qaXy8jGaQCZdhfU7s
1042,17Z2ovtvGse1tW46JrDVMpePPNsRPxpyr
1043,1B4nunAqd2rSo4tVxMpjnQDkC8vHi54VhS
1044,1MTRKCkmzWpD82hFXa17aJM6mJYkfKTjjF
1045,1JxDbYiQYknMZGGKXHMGuqV1gQ4769X7Jm
1046,1KbedYvaHCqMSDnNWN2iaoy45GhbY3kZcn
1047,14ZK62t7kuCS2SecoRHDdg9UFvWcpjM3oH
1048,1LJrwMAz2AxDpXfiJnjkgfvrzZRdyboDL9
1049,1ENVxMtTMj8CtgRh1dT6jdAVxPkSv5o21o
1050,1AzspiDbqQKAv5jYMT6qitpc3R1NAHNB57
1051,1PRPLSQCCqmWm2FjGzd2JyyJkKFrZLm5co
1052,1GcYjo2reAVsWa7mc7JzFwaM7QLJ3yFnFE
1053,1KvmkVBCyPhQ6CJ1f8uDPBpCTRtUdCSy26
1054,1GaS48ZrtTsLHkajKeibE9TYaL5UWPa7sK
1055,12BEsp4eWw6AF2gPt84bVvFS7Tr1jAY5dA
1056,1Fk9oogsDmnbVnDenNTzXz4Xgov6iEQQNc
1057,17EdVi3A352QTnGGzZutA2M3NMqPMVRdgQ
1058,1FrQjxcnbFbfRJdxmLESPqEHsutjnugvWG
1059,1A2ELdLZUe9pJV5EFWpByPKTSKqehpyLvL
1060,18XsCmzkgh8Lo7ivrBToFjnWDiVwMGpJS6
1061,18aBuPNZg7qH5eg38aJrNWKkBBCjsUYWzx
1062,129R3bAEEXVByfHmceP6acekEVimJkKpfA
1063,1NHtufukGHBHysSojkRFWrRrTquPaRQzSA
1064,1L1QQYYwTKbzLb7BXZZxnycC8gAcppDHyX
1065,1KXXod56i5bYaPFBjS6P4mN9UbpUokuh5w
1066,146KtMvNwuffLDYgvLkixBuFj9G4PVxz4p
1067,1QBeiRCD6UayX8n2LJyVdqdjLDjaKppeF4
1068,1H1WKJDb9uzcBphzXrzBks3HKBRvHy6B3F
1069,1DLeEkpPyGPguxfZBAVk6ET9ijvBuDv7dU
1070,1CqV8YHDAnZUaxLYFmC85LFQmGab8msf9o
1071,12isQhZgUooCR2SrxJWapfDiKeEcz5SF4X
1072,19Ct9CJViJkBLL5sR5L2hJzkP3ww2EyC7Y
1073,16GWzpRivijEeDn5tenCc1ihQNKnDPL8Xk
1074,1JAyCnevo3T1NVB9rytpncdELwrXZD6Uam
1075,15pobpvH4UrL3ju1R3RfMY6cvo5zdwRsZe
1076,1AfoFXsNe7F481toLuh3buD8hdcCAKGJLH
1077,14WcgitNt5rRUTyAkZpdmRiXWL9A7Rr8Uh
1078,1L33q7ZSfEgxRYRFnGVrbyLLwPZEL6KG8a
1079,1B2SHxjntTC6j3EU9G3Zj8RWdDmYdbpqfU
1080,1AaG35cyVYfRk6CecdHW74y3K1ZjTjt86u
1081,1P61bZLkBjMvxkxxFzzZ6wTvNUfDdVtkD3
1082,1KW8Jc9qH8RrkRaVBQ1iATUaSQBZy6egVt
1083,1FbHhC5Fs1rfcbTer8ubUyzBRTKhsxUxLW
1084,1GRnwMBjCfotUbdjz24eUKGoeDH2j49fUZ
1085,122XQ6JweFT8yE5HjBNXnvr1f2cFZd91to
1086,14iQQjaAKduvd9q3gvojsTRf8kxsvFkohk
1087,1fbP7wXeGJFmT3e8JKCaDbJAscxbdjTRR
1088,1NRe3xkPzpENHRCSQnWAtYNhCSDHSNYD8W
1089,12aVj9j9MPY1GPrCtwNfTuUVXWB2wkmaVV
1090,1KML7mWoFqmWHt66hBNnMxsFr7hk59Kmwk
1091,1CBLouLBsTs7uUSSjYShq36WH9ugjKEjbv
1092,1DugcVTvLVKVpDHHrMnuFFL9KyQRnGuLC
1093,1PthfuDpAmZRMeaRjHnd6iQtDZ78ipET38
1094,1K7jwdvXugQ9jC5FmFZ2469hVUviqRjVuT
1095,1CEEUTEboP1Xd4SkwzUaPEWwAWiPcFcP7w
1096,1BeXNTyxvfUgBPs9LddZ9pv982inHFPcBq
1097,1Fx8KdaHD6xJTYgGTSR2Q7R9xewbbQFaxX
1098,15zs8w7VZtBkZKoaENBcnfUeZV5m3PKAEX
1099,18hPj4SDpKPbRysjyQ9UCieNx5He3E6JvY
1100,1LBAUx8Yp7wkMfP5p9ptdYG4WbAnh1p5oM
1101,133a5osVJaSDy9LGjnfbeYXgczkjFqtbBu
1102,1F1CNebq66b6UbQjiKhtqgEcExyMbXFRrE
1103,1FTvqU8DTxtYbpk6NydxjahTqYcbujEBdm
1104,1NQUhrvkohrDSHX74cYAQhzvdMx3TUbfKi
1105,17grmdvDuoYKg76Cp3EabTTziakPAh7Pw3
1106,14EbMr6urXxSy87APKyZ7tT1GatWoQifs9
1107,18T1xjg5C6Danx149EZyB5ajYSXNrfC9Sz
1108,15tQ1d9oozc4e7StuFyPaFd1MxU3dNQL1q
1109,1HQJRPReetssSmNm9VVwUe66CynKCTfHnw
1110,1PsWvzbjQsdQFYVtPGVKrwJRNz2gS7PixU
1111,1GMa98wUbGWKnA2qJxp4edGgrLCFKntTxq
1112,19JSBu3AiSK6WyYfBLUVjjvXxpVTBTWSvA
1113,1PNHfDQMv34XQomx5AJR4G3BoEKsofQbv
1114,19CaXkZRyeD9pt39BgPqyTxq5poZw4kVv8
1115,1Fx8tcwULmXAv1tgcyhKh8X7jqKLScDyUP
1116,1GEQu6wzxvPEMX8bAViVY6t2AdLa49kySL
1117,15G9Jnov7r5poHakczttaWjJZTNQT7txD2
1118,1Pnf3Htw7aAD3rMSvGbKXDDZLUsaZyZ4os
1119,1HL9ngSFabctxBcSrnZTaHhYZzRmZ7m2b5
1120,15uqy71reJEG8YGUAToKjUkZCGMVSqcMn9
1121,1DZExgdSWsMfiSNT7gNkuatusaRoSbjcqR
1122,1PBqoVoFPHWaYeRgeqk8i5EjJbyBC94Up
1123,1MZVJV5PNumKHeFe4u6rxJgG8oVhipy9We
1124,1NkdeC29ZVr7Q8xpwEF3eHdbbbqqEt9hSN
1125,1Fq5bTYgQkZajQm7hvUXyTG7enJjoZHNb7
1126,18aqMBiL6web2MBWwzZZAxKpxHdsowpYLA
1127,17tbFMGMVxjFyLEfsF8xvDaEvK3dcMDRbf
1128,1PeyLjgcZhoBRfXqKrW4dhT1oWHNrhu1TN
1129,17eeJFHDJeXYm91vAdLmBFz9gFZzHPoNTh
1130,1H5qtTNQ2JR94mc4V9VTYPZLLnTvoq15Rg
1131,17TnUMpYDXQjSs5pJ8HUC5wqjDRqi4d25N
1132,1DgNXCongyzp1A1Y4LDrZkfqeCrfc6BDRd
1133,1KfxUpw5DrY8rT6oP3KkD3LauNLaBK8Ni4
1134,1PQJbYAN1e4K7G3iodGLTgvKQddquLXUv4
1135,1ENS4XNN6PHtUYA8BAtZTZT3gvjfJB3y1k
1136,1MHWLXms2cg9XZxqx8LN6aDt8Z2zn2BYAH
1137,1PRMdJN8LHp2QdXMQQA4Ko7RXqjFd3TLHN
1138,193D4Nxa4Urbxs82syaS1fEU772YzC3grJ
1139,1JriQax3gf2vBBb8UXAKfHLi9mY7qzY6Y8
1140,1Fx8NffcPbKb31d7zHyurwVtDcX9Dum78W
1141,16mEtZqt5TmEnjSGaG35DtLYpf5cvnBj9o
1142,1CtvPig3fYp2EYuCdaefPp8CsBcPc1F6Hv
1143,1Le6HJ5nuKkhxDsHg6d8bBForYhj8wgS3u
1144,18mEdzUB83DhR8JdJWQpCq1nCgFyPaQRxK
1145,1PuDdC7QL4siTh4PjkQqc7nYd4CNEYPaNq
1146,1MUMCzcG5TYxJ7W3H457YswVFicpc3ikjg
1147,1tmLfe8AT7ikGJAXKLBVWGtNLLYJJvzbJ
1148,1MA7kcuoVwJ9mRBEZyKMjiy2EuA1Rpbq1H
1149,1Lv8SVj5zgP4qVqBVkFZEDaofZdLPxBcer
1150,1LY26ADFB5H5h9g8MDtVYyLzGxP81oL25j
1151,1FFREKddcr2cdDgo2bTJfhFs1EmqgRX8mB
1152,19CvJE4wKQkGqya4F87HihKrTGhAakJmL
1153,1MKZp7sQQFg9rBDHASfqecXPFsequdC9yT
1154,1uiLqvNSZzvva72HwTqky17tmaWeAtpVS
1155,1JWTonq5dbSUpUnd9rbDsu3Fo8uxkSpxmf
1156,1BGLJbKaKNRT1aVBNzbPxxwAeRNd8CLQQU
1157,15McBdyazHqGYG6cmZ9oNLXLkqdpBw99ru
1158,1Jxeu8y8eEXch1WsukxPyza38E6V9EKAig
1159,1A3uFCUiTJiZpkZ3T5m1sCdyRo6D8m5Sn6
1160,1AMZsC2MsnJ5iFQWgBsEZYYkSVNfeBvcoM
1161,1NPTioPf6rvtLnDergMv9QRiLmoHCeLxDq
1162,1NT1P2RyTxPGrxS6LLeao2CejLu4ow3jFw
1163,1BcEgqf3vgNozrhysMSG6kMu3ApYFdgxTW
1164,1GwjJRvVw77J52HifpxzWoLwvVmCAvkrQn
1165,1AsV7KMLaW4wWRWDHdh3JZjdfA5SJMppPv
1166,1CmgcaAjVhza48rV73pCgkWv2JhWBsfcpz
1167,1EUaxAfEBcSCaEuKFRpsH7t49Qkkw9z4oJ
1168,14Czr7iuaXBagPpdXqcQiybHBCbczbMJtR
1169,14gk5mL7omPAdsF1FPFAxSEjuFmirAVMca
1170,1J8wgZNvVCaa9c9EZe4BFNXRpSPdSCJqkX
1171,1A4MS3VgfGJj6UGUGFR24RTGoZimSAkSnZ
1172,1JqJGa8GAUE8pqKjD15n7nxWJzC9r4AhFR
1173,15rMxj9Xi6Tfn88uMWzTCE73rHHkdpWGw8
1174,1HsHzc1moR4cv1PZYPedo4Cm5qMZKhb3Fg
1175,1Kv6CvDnxQuJJ8HRf94TVdTdWDf7tujRoJ
1176,13nmHRv3aMMdm1qMGaA85XMMj2i2xSUviW
1177,16A3dyNc4hRph6kest19gavEn5rQbMvtbk
1178,1DsjNarpfTetEarf6wMH1ELh6VV8JKxGk
1179,1B1sESQGgviiMUc8mH9FoTGjJkS7L82JLm
1180,1Fg7S3WjYpPWCUyF2SG4VEJSGAa1trEkbd
1181,1b3zC5G1i6ewXoM1hM4VhVKSmeeXq4Wer
1182,1js1EV2N5Y4fhiANG66CHR2ZMNX9VLK9C
1183,15yPz4o36RVgyz8J7pFwWMpmUSh38nvKaW
1184,1LNDksBtka1HTpRJH3F67u6mbf4ZcFxHod
1185,1BFaPbTKM9dFvtvNwmUbqDW3JHNw7XrDJk
1186,17wkAF6H6v7T2JsQvZiSWwc6zdMf1WuvA
1187,1PxygGeYcnKGde8rCaNjqAGME19EX6DsSQ
1188,1JhiYD4M67L9mWJKgpfTzJU2aNCd8X5uK3
1189,1Cnn8SCnfKZwhYH4uD8K8qDKVqRZQEgCvo
1190,162BzSHiXSm9zaorWqzbXvnKfMoCBUYtfv
1191,13B9e4mqcdrTqkta4quZqzF8am7wswnav4
1192,1LZm2gfRbbtEr64ePSJYbpdhUCAZ5MWZyH
1193,194tXNpLu5X11w1i46wwcTV3S4crqRMmNb
1194,17QzJ5SadC5M8buWNkAanNntJqAWGEbKFz
1195,1VHJPwRt5q91SDJW4xqd4QMwwQtLaGxiA
1196,1HAjFL4LQMgfK78robtGnsoB3KsQuZYVhU
1197,1Hr6gbcrxsTR3mM5mtdBNEEuJZDtMuFeGS
1198,13EuHqk6fbXK8hQSiPwbj1MXJb7HzdfcGQ
1199,1BpyRhqChmBx2zpoGyW7mXZVZcmHwwooEQ
1200,1CpHTVKmgXASxtMjtd39CFUdNnMFspfjx2
1201,1M6iAhAhTRfYfWp17VQe2mAf2VZS9aUZfD
1202,1HPCtsEKtHcqBN7LiJkvyse6fHDj576oSD
1203,1BkZEoFsqLaNAzBxEfG43afTLpz4vaW4GJ
1204,13vs2QYk6yVtz9AFuoSJMv1nPgTqVDd6sp
1205,1JVcaXZTUw7NUgdKDuu96ReB3CBwfbsApF
1206,1DjQmsCpYiVdNioyYH23hv8bxWQ68NoKUV
1207,14ugXhuHVStc8ZAaWa9gZnm7pJ4YuRjFf9
1208,1FHhZuF1sb3SiyExryesW2ej5zQLBUQMpp
1209,19hGa2fwXHViPz4UDrz3nbbZHYCSsSQddw
1210,1FgDLP9hbkBaP1uFC53EzD45KZ1ViZt7NU
1211,19pCuci1AJyr41PJerANqF6RCdh7MYMnTZ
1212,16Hm9oc6iUk7faaNdbYd2HVc3BdGn6Zf5Q
1213,19F4HPFuuR9GUvqkYRqo6MvBtNZWX7967y
1214,1ChzkWRg6rtCzzsZX2nxroc6RN6AQ74qVv
1215,1AdT94rS5S5nW6xBCj6EafD4DQrk1ZSG2V
1216,1CqwWZuJczbDMLJtSn8sZvvbVVkRwy6uE4
1217,1Asx5bDegJQe62deCX1tzF72RWFxdHk27j
1218,1N1XnY97Fuuq8SM5GS9UtY8WKvhdrdSspw
1219,1KtFoNvzzvv91QbsLgEpZGoGzc4RNTG2kj
1220,1Hw9hmi43xQFh4UvDko6QhTmMwEm2B3Hqi
1221,17erHM38id29zuMJybd1Ks7Msh78HyeyXi
1222,174cjdxXAv6tw3JjuqetA4kYXnsw2iVo7C
1223,1FRAAVKQ4GpN8tJfbEVoSdHM93TMmWtdzu
1224,1F7ZQyx37hJW6QTkrDx9vrXn7CKc15L6ND
1225,1HhrN7QCFQsjKYGLrq2GaVTwR9WpYSf24o
1226,17dYCe6BZpqVT1Cx8R31JAKakbV5BNS8wF
1227,1Q4VCffqqiatD3v3E8J23QraUbjDB7Gcgo
1228,1FdaLFpWXgfmoWzUhxnLEvdj2PV96yoQWa
1229,16NF9oKDbCL14BRVY7FrpivLvte8bNgt8o
1230,1LjsGSB1EJZseAVNxEzZVt8WhjjsueKNQ2
1231,1PJ12G5yuNR18hRZAiGgL4raX7ELKKXc2
1232,1YVbwnm4i7Ax9pDHQ9ukuS9pmyrjTcsrz
1233,1FcyCeRkSmond2BPYRZLrLuv1tg3ptA7vE
1234,1R757GKsozpNMNcsy2nCWze6bySQeaTbF
1235,1LdTPPak99ui3SCypU3Ba134VVHcDw5HbD
1236,133kxEQm57kMLdzaDvGS5W1Mk52U9ums37
1237,114DLq8HwZBvDnMMedNLspMZiiy4yTyEpU
1238,18TQNCXZpqAZDLSdM7YHXTKmqvCLMfuAsU
1239,1E8gReZR6Zx7gUBtXrniXkaDiBicdWgiXN
1240,1Aip25c45L8xcQ75vUwhPTCHwXsbAMznwA
1241,1K5dVLZf2xeTsUgTFN8PfYZi1quFg9YwLX
1242,1AxQQkVngDdr9442eJrnJfJqMrZSoyB43o
1243,14bXEK1jAekyVScy1uJZapKs11spmScKNx
1244,176jed1nTHRE8QC4BQAm8y6eEsRR9hCnVd
1245,1H1FaqQNybYSJy274FMM8PeAB3fN7m5uJG
1246,18rSiNW1B9iPPNMAD4CUppJxq7Ki8D4p3G
1247,13o1YQmdaGNvzUt1ry466ChY13w45U7Bzq
1248,14mZ6BohsrnpvUeX27VHwrFwGqnR67Cka4
1249,15wQ8oyRfPNjV2BCqjcsD4NW4LXzhqvDBE
1250,1K1rAbHSh39fNqxdkm7FNF7J3pe2fPBczT
1251,1KVcL8exEwJw8zSmyfwne2HZDJMW8BNRKc
1252,19oHR1cbXwdGdHkyG3vTtsrXsA7VpXYSbY
1253,1Mfks42ZeT6qHzVQSnipTw7KMtu5gZZYX9
1254,1Puz1cSCgTrfH9FHkvVAuN8gLZMQzNyq5y
1255,14138Eg8BCismgjXBSgqmuCggCGFxS9Zos
1256,1BdRdw7mxPZuX6qHqRtEaKR73df9s1FwhL
1257,1LRQDPzxthR7KePkFrfRJ8aZ9oBL2xoVqt
1258,1C2MMdppMQRnjvEiF9xKNJut1SrH9EW2kN
1259,1MopfPDtPHxz3jYYBy71gNmgz71jHozhXt
1260,17z3kfy5H2NvLJpasoZF6k1DvNkLv4Kgn
1261,1AoqGvTJJTtVXC3ajZKNsegNHFzVazWT8X
1262,1D1QALkB5fFTTwNsxCRZDqgnNBoY7ygixb
1263,12FvGKchmffgU8HPLsHbvR12apsV1BS9yR
1264,1H257AdKtQMz9daLnt8oYrcTKAySd362T8
1265,187hrf5LainWGAp8UaXGJMk342RUDcC5Nw
1266,16amzG6RaQhvZcCKQK1UtzhbsNA1USpj1Y
1267,18X2Y1ge1cY8z4XsdLmopnSKNRNHXZWXVm
1268,1CfmEGA3nuxPfHTCmTVEK1Yn9WU9BsKPvR
1269,1DQrNaaHTxTwCMmBKRDPAbHfT8i3CUohWf
1270,1G8PEufG39NU2iUX9boM9JaWz5H2WB6kr6
1271,1AjgqphhVLFtrZNa7aTgePCddUpTGjZwV2
1272,16TA1szSc8b6qMcvnmWXihGE1E7mjoD29h
1273,162MbGrpionXfQjUe6QTrKGpjrP5RhdUB7
1274,195t7v1bfVA4qNvEcaAsjk7JX3hMXYSVkK
1275,1FviCdCMD5tuY9fkxkvdRHj81XhbxV6uU2
1276,1H9N8sgxehduQAgcJ49TXkMhyq33BgcPgR
1277,1JURzYVZXgZwkx353LKSZXmoS1RMbcNvb5
1278,1PxNbgNJoMszHQp7q7fFTJi4bZv1JNfbMH
1279,1CDWUWZLfREpx9EXtN6wW5Rsx4UpGgebLq
1280,1AUyo81H3x69RbCcn8KgdHhj7cFGNzbBDU
1281,1BqkbVNsqNiUaKc9eargug89hak3dnanE7
1282,1GLe94LdLxJh95zzVZxT5brX2LxxjwA2UP
1283,1FQS5ufftL8j27cnzhhsBV9jPLYFD199Gn
1284,1KqC5QjvJaxoqu9mLV3KwqQcoA4mV5UumH
1285,1MjsWui4T7xQGCbELcSfxMh7bgdVpk5DH3
1286,1AUXQg9G54XVtv1nZRo3Jz726gVkUFQKxW
1287,1Kx5YY4Ku3Xej9HVMZWscBRLaFndqoZ5T4
1288,17dTEqVex6geAHp5JLETBoFAsSi5fEr9KY
1289,1G92r3dP23Gr65XeeXZF519q54zmhjfkdr
1290,1NC7NcRH9tjYpA8gBvQ5yFpcqqe9WfGQY4
1291,19Bdg6ruHCmA2Luk3hMpBRimaocB6CcPDQ
1292,1KUFRXbff6vkdob5HmYJiM4Vbe1kbjaM8X
1293,1GE6wYAdev1T4xyx8LZmQJskQsA1593jGB
1294,1Br4kttvff6vtyHgG7RR3YzucPV86CjZpb
1295,1QKf3zAmEN4t5uwgYwCUwNBNpGs8XPin1S
1296,14HdTiUiTnATVBFdMxtT3dS2PPq3Ax3obq
1297,1JqEppiVvuYivv1cEpGYcYgjmv4e69KG83
1298,1zkdBNkBmEexJBZ7UAysfH6d4rJsWHay9
1299,17muTzvrX9AgwQe1183QokgDE7QyVmWD5x
1300,1H4xsaaMTKpjRLKbdrX2sSvSg3rZJu1rBf
1301,19jdCKSpuhLWMVV7gmKz944r1HghtEfTv3
1302,1Gs547QgZ55L8u3aAfcdh2aeaGopDRYPfY
1303,1F85Fy5ZTQUsFabk8XqDk7S7voMMLHYG4g
1304,15fLTwgCsavNteMqLNBKcYZc4ZQuFjaYoU
1305,1LXwFAptoGUxdvJeYkzVQQeWKFhbBtWzL3
1306,1LydTh1tEFSajdjfUe6MrsjzTPxVuwtbkZ
1307,13yQx9TF1eJ8CBoGjt9GPTp5SkaLwsYVPR
1308,1LNzfRbDipdZLmvFXaw23WbikYTGxNGQdh
1309,1JoHYrYnBFkjqTNmg92WniaqsqUag2qGLX
1310,1MX8fTAzuSvcp63ni2HJA7fP4BChjEShJM
1311,1PvXsz8BdwnTbVGGRayGZpsHYmXrGhyCnK
1312,141eUauYbHj8gymgqxFaWcYppHjDDHPHtQ
1313,17u6eQSkPhqWRB1mNhbpvftQtmUmfPGBxj
1314,1EcBUxbNUfm9PMusEDNihYe5j6JdUvEQQY
1315,1Bgckdtt8UwGDU1oEEduq5pAEqgaG6EwLv
1316,134m4qpfF6JnrnjXDhTm6FuJNMQVu99NdC
1317,1MLbVH7rnC9DAwZWBTkSLr6YT1Hbm9NQpX
1318,19Ju28NBhk88wKTzmTb1SmxYV72T1akSmw
1319,1JudCRH7LT8JFwfvPkuesZHpCrSsAreH4t
1320,1ETNQrXpW3pfjWezCo5gXJXf3XGCXASHcg
1321,13TaRjFU1qxcpXctaoiWupdPmYuFmSzEty
1322,1LNMJ9r7fZhKqzysUiTzntQtBrrQvQsczP
1323,1Gs1mTa5DXshpeYA3susa4CL3rqCKXkLXA
1324,1HpfGdSrbRKL9TfqX6Mu236XhqkTMtY1yT
1325,1HA69vBYqDufDA3QGiC5BLCz5LwfwKnh1H
1326,1AcqFsAEDennLqwasY2Ws8ApmdPt2btHfz
1327,1N324S4UMuypojZ9nkTzNPYVXSbP4AxKH4
1328,1GjWYdzx2BF7esSF9Hfy3QjGy9yT5FbH5k
1329,1LPHDvymUs8PK3u8fSif7nNkajZaQ1GhX2
1330,174cuwuKRKn7HDoqDNqMdBBD6SnuxfHRn4
1331,1BBaLD8QSgCg2LxWcEoCmfsoFUqKiN1CjK
1332,1NapNgQGXkeaiygbGrKYAf35wtvcbc8nKw
1333,18Q1Pm3F8MHth7MLTXKieMYZseevvp58Gj
1334,1PskGgoztKRoFJbCZF4bW9LveYaBiLBAUu
1335,1MeZJZdvSmxJGW1pSGmjHmPAc57WSQAXus
1336,1DyHABCKM2H4FPojqu5iP2bZB4UA95KHno
1337,1zA6uDu1gtEyrxg53HKFWKZz9uYbbLGqk
1338,18ZwySkdfg86DFTYPZ6yWXKZjxz7fGjJB4
1339,1HWi2Z2MzuA99dHmbzLP5xKP8udy1cphH1
1340,1LCAQ1yH2VvrGzX9Fbpv5pTRgj4rbi1gGx
1341,17d1oKFGX8X6dnPhYD49cwpcYvyFXHcwnB
1342,1H3J9CCZw2M6thBQno9M5RBs3zienTFWCu
1343,1KD33AaMYoG1taMUV6obentgEzsoLa8drT
1344,1QKdCU3TG3q2XnEZh43w9CjC3jLKKzmJ77
1345,1FQh1TemHrmPz3UrCci9oKD4CHbpdyjSvv
1346,1Ku5r28Uauoc1hhCbPFDfh2MqaKis3aYYW
1347,1J5Xiag5pGjpM1n6MqMJ91L4FtgcLna92z
1348,1MFxMU1ypQ8beDZwGXY2f12zZGK4cBPqrW
1349,19KJSw6QmXTxLFszHdqeiDwCGrLgvqvCZY
1350,19tmP69ZRjgviK7dcw9U1PYq5FJDxuiMsF
1351,1GPc92DFL4AeTGou9C8tYYNxmZ2w1YAFG4
1352,155FeLQvGPfUhaazDA6vy9wzvrovAyfNcq
1353,1Q37QsUcBcHPixJRnRvXRnzPPjMzuAFUr5
1354,14qQjxWsgMGg1jfufAhL3ZYmFkEtDHN6Bc
1355,1CfYAgennj17tUmhjXBVFuQTWMkbgsEnL6
1356,12zLJGVyCPPZnX9jB7TDscgKxnMyKVGm5D
1357,16F9QwCSw6brB2VtDbvuyPzHFLTFiumv4f
1358,18JK1NG2bHwN4yJnCjhCcvZmACkZFYAiZ4
1359,1DoNFq89DihFaktNdAscPVTSGVg7o9YeR4
1360,166jBH6YXcNumLXpK6upKZx6wm2VAfrPfQ
1361,1HgKc6B7EnvUCzmPMDFqu9ExHbYFc6JMK1
1362,1GHXRGUZperYnC2LtbnaLqmb2qQVQSWUN
1363,1EoqHxNtzkFkB2zsuhvHTQ9jus9Zmy8icb
1364,1GZnWJnMPWogEKpFA95Cucx9ZxVzMBLHU1
1365,1K9DBMz6aVqER8QSfi3STfqrNA348ZKK22
1366,1HdAnsHv4YxPeRpEBogAxPkQehApby1cw2
1367,1DGHqukNx5kzo3AuGt6aSHhBojiTuFdp7D
1368,18mKTVmziMbGnLDMnmYXq4dbMscrXir7GC
1369,19ZiNeJgxG51QHykd1iQqtwQMXr51bKVp5
1370,1GAcSy63DwuT56zKaDagvEAZgHdRE8HqJg
1371,1PPmjnmWHP9CFHoxrXmQx1o4jfQQQJySWY
1372,1FP1KrzbkxmfZN4xVypmERFPnGtwp9bKgw
1373,1NxTiripMWxd2ZHsA7whW4w7kcu8z8ApFX
1374,1NAsH1nxRzSBiYbFJdjkQn773qHv7FcuDA
1375,1NbsURonmFQh7JNHVtxGdEahGcBQWdPKY6
1376,15cgRdriBAvPowsJM9zBawTvi8SmrcCX9a
1377,1Baed19f9Wns8oWGvvsWYKS7Uvo6SaxymU
1378,1D1fFfpGTsdywzmAE5uvJP2tUhJ17S1hXv
1379,1KME8szW82hr767jFEGgXUYCVBSmYmjp5c
1380,1LDCzJZfQteesFqbZjjwqzFf45p3hcY84r
1381,12XVxnViA6ZaZLnp5U8b6abZ37PWGmER5S
1382,1MyUfPTPYukVpKD8qDPoFT7zKP5ZRzoaUD
1383,16d25DfT6VBTP8MbD55v22LvXzAjuW9Trj
1384,18v1dWtQ5ZtyNE6V369UEPsnqKB6JRuTBV
1385,1ZXe3n1RyahRqesX9aF2UYxghZ6u7UMjj
1386,1D3TdmPaVRdSNxqtS9W5zqzgxUeBgAjpX2
1387,1GbvVFqvPj73xzY6CowUYNxiiL3yoVRvpU
1388,1ButL816ry3NKV1wFFEa7wCSYT6oWbidPm
1389,13UAShVHTqNjazmy8c5Wzhm8m38yS8ELYJ
1390,1HUxqL4xnN8f8TWNM3LZwngDSbk4ngAJmp
1391,17gsqUxk6Twz2M9qqdsvciCoNGw34kic24
1392,1LGgYCSj5DBJq7L25Wg9zXc8bPw8EJEzPk
1393,18a7BvZRPV8QzpADHu2AAqsCRU9p9846ff
1394,1MvJJhUMGoaDsDqiH468nYPTbYJggLKBAc
1395,18XipA76q4zEJ1mc5VmwcmBmi87wRk3NEd
1396,1DPXqqLRWzNmXEXyjKSQd9mcSXqeoMVW2c
1397,14VkeikrEnkdjADAe33WRnryDfmEKngu3U
1398,14pMh98nQepXvNwWwN9Q5QtjpNXNXKRsTy
1399,19MHecDee94yCz9rZowY5xG4d47EVfSzcA
1400,17EaEfmeezt9wvCB8zK7eE7jbFwf8pFuGv
1401,15F66Qa9guC4WqXSTWzxnxc5rjfbhruk7x
1402,17p7szZe2oFR6GW4gfFfxStzNKnkm8D5oc
1403,13txuy34TKLYzAxPaoKccTeVmHXcqAkYDe
1404,1CghXWfMnQjmV84BAt7zfs87ndKvd9fpB6
1405,18ezarSnANYNjYzUm7anLcajL4cffRHEC6
1406,1kgdkRq2Xuca9xZLw8tBhtMTGjGWyVbNp
1407,1ACEvjTft172Fc75oQhGZS6ShPLLreLGxT
1408,19BF3DA3W3Y3vEvnJ8vkkEzykAFjWsA2zF
1409,1NE518fo7osS4cBVSmBHQ6GCZq7Tqo4ZRp
1410,13neDSPc1GLezaFWghM1C7tHV3Ho8dWhCj
1411,1Pspg6WnyiYaUH87GH88AmNhXpmiugtbRR
1412,12BE13ZjkaT4t9fz8wgBwKiaMexkMz5PcL
1413,1F5v93vp9M3b3TFdc7yjGRFbjjWVEhs1RD
1414,1L77kjTUccNzRroWLyvvzbY8CRLPs1Lse6
1415,16BwjFUjtMDTTbQeRpp9Yj5nCJdqSL8gei
1416,1PwmyxwNa7FnXpkGtQfr8VGc9M4qeg7pWq
1417,14QhTxeP9efEPwPCqf62dmwHPeraDvjySB
1418,1GK9FMDseoaJTqFmxNrv3fWWBZaBpw1T8k
1419,1NHeDUu5H7BSjzTBNkeGf3esawnuvmYck1
1420,1BbiKnXwwTRJVkJQess7MpKX1fouTdF54X
1421,1EcG21hbi7w7afSyuZ2Qv3syQmzJQ4UmEn
1422,1MDTSYJaQmE7UnEDQEzRChuFD146XeTGmR
1423,1BvWcKNnobnV5spEMg844gouZcFo5ZNjiS
1424,1LcWRJHmEF5cc48hnPfugVUnfTk7gUNWtF
1425,1JeGdG7WEbYZm2Gp4sYnmv9BGZyK4Rfk2F
1426,1BN9sQyeinz2dCaaiDrAd5J7EFweKepv63
1427,1MWHL5HPmbNMS3TmAUukSenAPRHweundNP
1428,1J4CRM2mCV4pL21nnZ613uisBeAUYmTue6
1429,1Mminruuhp71S1VVLoRYQGniVoZumGMN4y
1430,1985puv5N6mcGeuJzYvmak529xB49HncUa
1431,19WXmPit9QQAtQJEUJWw45dUKertWD3wYk
1432,1AJAnZBVg6svTSEbMtG9iJn2baR1z6889q
1433,1QBFxr4V3Mzgc7pycBSMTJFaj9jKDzatNp
1434,1NjayDWrapxEwxFVCuhoxHJyD2obwmdxQp
1435,12XuwmJmKUkpPtMqYooHYq3m9YznAzjEj8
1436,1BiNQ1FgTRQ9NMyB3i6JDqGqs8z89QJFBy
1437,1Hz6J78ZtxCCfSAA71ioJU4Y1KGxQ8SHJ7
1438,1MEPp49EoW22UMZzGLJwwCe64zUBQNLZou
1439,1KUCjfmA6MPFEbJmWUJLE4x5vQ14Gf27Ak
1440,16GRTZzHkmxHtY4rkqe9cotL48nF6imxUV
1441,1Pc8r6XsfCYGo8qAXY6xbvsfHYXsHHYs4q
1442,1HfiVajfpaP767ywywxsSox5EDtGK5Ckdo
1443,12aX1NEJM7VnjjqmiyCN5WR1NmR4rbJGaG
1444,1Bcxi4nQ48HTrAupKFHSV5LTmv8PHLrNXU
1445,1GVeFzQYpi9MVSSEh51cAA7cvuWwPTKUTG
1446,1E8treJRhwwExPp6naseYmt1TjFYdovX5c
1447,1DzTgN5eied6DDcPfofdsHNQYeeVBArXCh
1448,1JmtKH3ovzs1XB3Qc2PgyGqSwjkLcjGWc2
1449,1Ns9SzZBNQshJMHXNjkjCFqTgnYTSCgtwr
1450,1FnmwEjqEwWMzmwFFvWyd6k3ncZaFV49N3
1451,1No38L9pkQnCFcbZZ46CqdLw7pf62E9Rrg
1452,19zsGeKSVzd4EX9koGaDar2f5qyoX3zeui
1453,1NuKSEuBCJ5HWgTgV4HzeVkZNBQGoLiCJ7
1454,123eW7QpoX5ezEuAbsgT8n8NQn2rDrDwDg
1455,1CiZZ7Umx9XjrVTJMRhWGuBMknMkYbrmDE
1456,1MEJFBz6o1m2c4u1hXXjpjxPT4JyRuKha3
1457,1N8S49BDManGTCWhFrPrxzLFfv4hGExQeQ
1458,16FiYXfhFpH2c3CDEPVgYLWf5xNcgGobKm
1459,1PwfRmzJ1jDkzVE9hNqA14nTwEJqfDaLW8
1460,116GLT3PbuLUoCcMTbiRf5sJ9reGSLAnK8
1461,1Pd7Rc1ocSH53re9WubL6KDtMuCCMgQhmH
1462,1EG8F6DDoo6G5BRdDF2D16AhnHbJHshVKg
1463,1G2inQ8ZtoweJumjkRWecahNPweu8DLjPp
1464,1DFV7KGLNLXVkondHPEZTodwrmvdcGSjVx
1465,1Gbzd2TCA6NDejt28HMaHSpb31ukvwgPSQ
1466,178KrNtyoFpWoAsX4po9pmYxaiXU13MMdw
1467,1AApkVz4EkeLmbdfE5b9c9p4UMkDnvv1r3
1468,1JDwZqVvjxVwTQwYCskaZMN9e4JWogELkU
1469,11525KqSXHL34JTh7VeH2ENHG7eDNc66br
1470,1A3SuqKoLgaQRDrjTxkzx3NsmRYcJMb62G
1471,1JWee2EDzLeKoxNu7oXtnu59VvjtBFjUHb
1472,1KY7pmKSXp4SbiAgUb5L4G6UUxFAaDxf7Y
1473,176emQyjDFVYrWx5NDQqj5tDWHWbtAkDQe
1474,1F1GijwRogifE1hUS1H8m1KvwPhezLni1G
1475,15Bu2XAyQSWqWEEvAocfgvipTDbfYbT1mE
1476,1KT8QFPbbinTfoCb2uQ9tJYFHvLmVsnyMm
1477,1GbfF66VGof9VpG7KDC4KKf9xLMasd4snx
1478,1AYLSVGWbxqKymzDLEPqNFcMUUvQK2wPCa
1479,1LCRCTu42TCc6wQBvemC2ndNCadKzzqZnb
1480,1GEhCpuNCaqHefUJpKQa8u2MSnsWUfuF46
1481,1DWzg95eKYPCLKnWD9DEzHckYJvT5s4DUy
1482,161ZeCh1sdVWeoVsycwRi8EqTPaY1mW5AC
1483,14BarrTLH9ZVQrJ29ftmDykwn1ny88TWd2
1484,1CthqPKUwdYrmr8E4NZSz2iZqVLfRq94ab
1485,12C5XeqSas73XVhs6zRxg95xZWrDtkyVPb
1486,1FSMHfHaTGDmE49DdqgkUH74yVgFMnwbXj
1487,1Aet8SQNF5nCivDG8M6Bu5c2AbtP71UjF9
1488,1PUvZGofgjKuW4GWNwLACvR11mNLHQhEZY
1489,12k4hN9KzcbXa9SjhU31kAceszB9dBbbLd
1490,1HG6njLwqiJL63QoU1ju7nP8kLwryBtonA
1491,19BpEWVuoUdbjaLUsGDo2R6FRi7WsPmDWY
1492,19tVioaps6juGfb7drkbMNzRRFaV99Y1sB
1493,1LC2vDWcxqpMLcfLg8Tv2VhbwD3QynRivN
1494,1PvewwFbcyoU345yYZTVXAzfgddtUNFs7F
1495,1DK5HucfaJw9kbPqZHAid2p5HtxRSzopQs
1496,1QDbr55rn9UXba3raYKGkQNqpcBskW3NuQ
1497,139wxcRUbhjBiAQA6PiycKouRb1od99KAr
1498,12y6BerN2Re46CUt6Dsw64zaHPUKMimZgp
1499,159J9AajeJu6D9ssY747WWgUY3nfK7jScq
1500,18kARGWM93P45Cjw3F4qXsNTyWTy27deD8
1501,1BmecMbSDcGJXQJZfpsNPFcvoLL6nqPQdG
1502,1FigiVCwkMp4ZhCmRcm1n3uRfMdPA9uinq
1503,1LPmKjawMLm4HEZTGcJs847Bosg7gGKwuq
1504,15tCdSEnqn7gTcwLM9wxqwbf2TkT7D1GDF
1505,1D8ErYw56gyHxPUWFpjfJrvDob9PqDrdf2
1506,1wqX8hU5kAJks9SBSAFGDDmFapR4xGVkQ
1507,1MButxNftwyESNTtrtLDJ4P7kYnfJP6Uhh
1508,1FdVoXz8oJBWQeBWaJWArbA7J2stCYoPf1
1509,18zV893uTFMchAsLL1uDCSWPp1RUgPH79
1510,12QPcuc5zLv6NTihC6SrQCfU83XfYXiX18
1511,1oEA5VDZLv7UJdBZdCBtn4kqtoiGodFGg
1512,1GCa7X44iNS5YzWmAEh8dfwQgAqSotv6DC
1513,1QGEGhT2DSFX1mT8jbFTSJgbvft6qA4DzL
1514,1CrRk3Ad3mcuTvgx4KAFeviQFWLaLhxLGB
1515,1Cv8QSLsXeurZN3goWF4ipfBbg78iZGX2Z
1516,1PguHE92BY2uK2hHaAmQNqeYCKKTk1tpvz
1517,1LNscWSMi6wrqKGB3QUWuNaLSd12qX3z9v
1518,1KgqCmd75xvv9EcpjQZMbhiUAG5BYUpP8p
1519,1E4i7oAaBPfA3LBoL4jUpVfEPn4NSjffGe
1520,1AYQ31a3xFxGaP9CihtuXpGLYAixKDa9EH
1521,1345Grww1HChieds8JufkgZTxkUvTx9sej
1522,16WjMGwLJ8qpoxMYmg6e4BeZhsmgByGijv
1523,16RYLx1KwxbUcJHi8bQyCXbjWThaQUodLe
1524,1MCNXzwuxVMs3J95ca9u4Wgairfaic5ma1
1525,13RNqYeq9nFjX2y9HDgPmRwFCYvc4Bq3sA
1526,1Lk6q2NDtto772ghXLsjqFzfuVQN3szbrE
1527,13VvqoiYsrArPC1Zyi7hcUJt7G1DhBWSmw
1528,1Hpk4skHeNgKeufGffHRFrEEJFHkfT4qsG
1529,1GkRB5Y84FmvAtsZCZPitsWQ7MpTrGe2bC
1530,17yw46vY7eWbRMqpfzgMcCtbBKgAPmcSnZ
1531,15zKMA1dBmmziXJZsgd5ZDFUmTAv9u1JZC
1532,15iWkxm1Pkr3A9jzdmAoH9m2439RkPGJEw
1533,1MqnSso74ZFRJtVpGYKV5sLTigVUe3HceB
1534,1MShsk7Gk6syLr2nVGEfT8Qd5sqCYgiC9G
1535,1Lqed36wez1HkDKmCHgMizoxP7CHiYah3R
1536,185K63vtptLHeoVDmxpt6uXQTe8DbPxVnC
1537,1PYbrWB658TmWT2x8EBfqcbomGv3swGjG8
1538,1PkEqAmx6PartTA6G1xyUoc5JthTmHeSW5
1539,1HdxYEzjNSLLEqsDEtRF5hukBU2cwyPCvY
1540,1DfFp9zY6UUergsnPdnXDkz7qbuzNyqJRm
1541,1Np19wNoCMDmdaXnWE56s7gFuC7StSJDGs
1542,13Zeoza7VzTEh9VDBJonvaaNpi7uzK9pdZ
1543,1FTZgTmpztSutETp3VigUCzfchcuhTJJe2
1544,1EcaS4Ky98ZUSFz68QopgdjbBgXezubKrQ
1545,1NSeUoHLzmd5m3Bs4xYjw4qmH8BmeHMGDS
1546,1DKTnbthcR65uxaWYWcSjLTi4M84VubFCz
1547,12d6gvVq3af5tyFVsQBxB4DCq28YykFnqV
1548,1MDKnbj37r8wwMY8sPWtoPy8XTo8dL11oV
1549,1B3ZdFf6WVuNMiFaeAcmpquZfT2fkBNvrq
1550,1HyfN9ehKz5V3fDhDb4M3Ed3hVzdaUvj82
1551,14y7qQqXTCa83FaivnHzW71bsyJa5jt7QK
1552,1DDDQ5anRYYLQiJKPkiFNZZtnZj4Jr7SPy
1553,1MBnJigsB27yL4FEAuTkrjxgLnvn62KA1Z
1554,1FaVZWMX2QYuXMkNhRdbzu5AqpKDxLR8Rh
1555,165Gqru6WesK8SbPe9eXzydfMA2muTVPV2
1556,1646S7XQrjFbhaeV2Fa3bD68QiGj2nLaU7
1557,1HiTCcvTzxyWfvkeRRsFCRZc6ke5fWkerX
1558,15CzPaCNyC9QSMutns7fuffCLPTwNLXqt2
1559,13GBYWu3x6NYiTYdgKCzjgEBheic1s94vE
1560,1Fwiz848DGWXr2Quw6p7YY8EH85BeJUpVf
1561,17DkZ8etJgELx8fLGKatpd2tQMcPcVhSCf
1562,1H3d6iXKQzqqGLosbzzSak1qJZMa1U6jSF
1563,19A7B8S9VSda3gLF3fFDHBvbMhfANKjxP6
1564,15KGBF4ydwJDuZFMrwCaZDQX9HgBj2QMns
1565,1ApUHVEVgrsasdEFQekJ67fDvQfRWkpVDv
1566,1AYzAHzosofsGnVYXVyHB7iRyBgWhE5RTt
1567,1G9yg81aTxsNcgsNhjKKAyz1WfuFwwFDiS
1568,1Ms4DtodGdhd2Nh2kQ32hPg2RqVNfy3NG4
1569,1EX1xYBnX37uVCY7SY3RNMvac8N1zDM3DW
1570,14UPFXLSXdQLnzZPWUSmUvWFYuFzDE5szE
1571,18cyu3ABrM2EPmdNFQM8j97U4gCjcJp5J2
1572,1F4w8PRK9955hZc4DkGjmPmj1h4S2ZrJpK
1573,1NJnzqAfjzCxphvFqEMFq7vBaAovRZ4nQ2
1574,15PQPfp3o7NhDDtMHfQoyaVJkfxv6YFTnw
1575,13CkkKenasbmFjjsWrX2qtGL3zVS7pPFAb
1576,1B1PnRfJ3SEFeGTEinarWNsRBRXGiUYu2y
1577,1E5R94AFF6LTTt9RWtSZb6RFoqXdj7jwMp
1578,12yZUHQr5dPxhyDcrdmM7yhTxfjYchTQPB
1579,1AF5LqNkLmPqvCCeF8nm8zzr2xHJ4PSw8v
1580,1Lmv7B52zYYU4QsoC1gW1Ug22atsN8ZkrR
1581,12wwK5upf5NGgoMZp3Leo58sLJtE2Mxdwy
1582,12YuWdJ4HJvmQRFh6zTMyAuR9C9ehxRhZ1
1583,1LYLJXC15eiaQNuWdLyf2xzAx9Z5U15mdu
1584,1Muo633zBhpikCfLcyhAQGnjv6oP4sEbAW
1585,15QToRYcM7cEPKwUBbfeWo7CpjmcuHUceV
1586,1GpYjZyMwknGTouPMZYsdt3ofNRzYq1LSs
1587,1Afu6PLEJ6S1mnGtrTLQPepZLPxDWk4n5
1588,1E6e2pj6hvNZnwqWBGbkn1JjnZfTecGB3G
1589,18g5Y4rZj1bPvLnSsHWLtHXM6Vpj1LvGmH
1590,1Hub9BZL54YiZtvrm13Px9kUCb1KBCwP1i
1591,19QtPzez3xrKxEp5bjoPaMBn2ZhGK3bLaQ
1592,1B953yt6fUGhMYb5KkVVUE9YZyJ7bgpqKh
1593,1DPq8v5MpiKjUynbNtKdA1xFmxGEsdRTGb
1594,16YEh97VRs4qWBV7U1E9y66pbYwKoXDobs
1595,1P8YsApeqhTiPTCJzSLanpLSPJvspDGjqw
1596,14PxW5L5WzRrNFhfXBPXYrosW9SxVy58i4
1597,15Big6eiE9Q7L9sbrTkaBdnHitX24dr6AP
1598,1BQ5SiQFQfMK9uEzU4A8PgMhzWVgQF4X3d
1599,16vRQBpszUzbuPzpnbhQhoCDSVVYTPvZz4
1600,1Cbyiq1VHF7Bh25abbWwzkGrNdZwbcB3Rp
1601,18NwNXZS7EH3HnmjovPMEfPmPKuHm3uijC
1602,13oDewFT2ZP4BydigcT4m5TopJAxiz2P6X
1603,1Moi2mPZt5WHmi33CxEE4yFDAp9exdjjU9
1604,129mR7zcabFh2fYtY5KMdZLLSaYuJ1MGjv
1605,1DKARoRP2BK9N9wRwqjBx8SWernQQyuZuu
1606,1318WZR4CC3eeLBN1dx2q5b1a9CuvkpdYx
1607,1BkF7S3NFTpTZ57AnGpswA7eHpGNEdNcZA
1608,15DavnLFaXQZjAeThCAMaH2z1gP6KurFnZ
1609,1LzprMSGb3PS8s8jzjGitJ9LypqEAPYmRr
1610,1DNVAbDgf54h7JFCitN4keE3pnXyFGvGxs
1611,1Gr7FmFHfGUJyofDGDMqj7DeRVCVZSYhuS
1612,14bq29c7jWxwKyR5zvyLWvMGa4tDCddQpA
1613,16N6BH68HtMrZcgEX8uuqQxWkoPAfrRJUt
1614,1NjACuW3iToJFyhv6jzrcBK5y7kFKjMLKH
1615,14wdbfHPvPRQsL8EJT4if4AFRCevkobFMn
1616,16t2vQzg68suKGtA2dTjj9uWDqQNd8fYX3
1617,1P2zmiVdJiXJtJc8TTHQ1x4Uxu1NnR9Xw4
1618,1PSYW4ZANSj83G4nPjkeeNkwSeswbaTRYn
1619,1qiPiJxkeGtPo2hzrFZPovsqbtxg7tE4L
1620,18F1aeBXBLFYoW6EY8M6LQYKEgSXVQbdr2
1621,1Lx2CRz6J5jfUnKQFNL4xYGbk2RZfnBPtu
1622,16Scdp9rYiYRRELb88Ugt9pf1qDTH5mehZ
1623,18vBZtHgLumco93X3JbN39mV2sQj7c1mWL
1624,149Kjf1xLNYRuC8jk6e96aNDBmvm3R9Y7p
1625,1FyBXiQHn1BSXoo1XjHqdu3z1QptwFcP2H
1626,1JS83s6Vd7wh3xZm3VSq4NbqwNS5WxEdKu
1627,12dE2nmq1MZfJE5XiZKW1NppfCC3iw7VZk
1628,1PiNXU5Jbb5Y12KEKhG9PPgLiUUN6HgAnu
1629,1CJYzaUCyqw1Bg1d8YE2PoSkQFz3GQwgr
1630,1NavPBfR7v7e1CUQL9y7TisgdeTAbe6goz
1631,19cB3UsLMsTwpq25edffCdrE8DxFHDsHzJ
1632,1P3rqepS1aPjqV1FCxQXPEo17GeDszFG6v
1633,16ewqWgNqo2VtFwkNNQk2UAYaSr2DR9cAo
1634,1DuGx4eskDbNTt9YFecDdVSdMwJMvH1tbC
1635,1As4Bpr5YKsmt9FTmXma1h4VfPJA3Ad7oG
1636,1C2y4punqpBJNPo9cmc7cFa9yEdw6ecy6s
1637,1LrpFPdmva2jxqT43UGVfGK9teWxNM2i16
1638,1EJRCnRGWzSP8A1hKwzrECUApgBJADBYi1
1639,1Lvd9X5EU8ztWmm16wJBkWDbkw8zk2MdY
1640,14AdRCanTMss3miq4s4YNdB74wdy5N9VbH
1641,1BLRUmETN8uGWG3Gxmbjz6tq6Yqqie94pt
1642,1Hiqy8fUn7nivBwGLMcgRGa2eM6BRrvhpX
1643,14Mqqno9Q9cV8FoHVGHTHszHdFBYQrgw9A
1644,18js9EMZxBdEBLZeW28wBCoqtTnNtjaKZm
1645,1DuBf5je1BVLuH1tg84pQr7z8vb55EGnMW
1646,1B58G3KSjacDAA9HU5EjfYwDV3t9SVXU5P
1647,1PoQ8b7mKk6ytXZAKHLrQMUL2ngAep5GLX
1648,12uoVuqz1vXUiJGdVfFcS7SvbYKS86VuBE
1649,1LCodePFgZEqNyYt8oxuTXvKfvR6G94i4Z
1650,1vrcFnGS2nJVqT9FynMbQu4fp3S4PTX4G
1651,16xG6UF1qd8y1fyr5YrL5XBn8bQ8iBh7cu
1652,13qG4vFGw6VTgGaQPSZnr51UoUrDcAAURG
1653,17RNuw1UydAw3fMwcd6DCmq3xSXfxGvEmD
1654,18AVUSnnkzm6HyG2d1b8QaWtmSzwvEFs3J
1655,19M72QBLyGv8fU3rNQF99svc8c32UfHtTu
1656,16F2TJkVZTqQJU8TXsoGhtQge5fvDDivC5
1657,1LeRu1JprymMxjPbibUSseQxEatVaVnjVy
1658,1H5idoCQo6qWe5TYcLyLYHC1y5zUw24TZL
1659,1LnRkyJJHZmhZmJjXZov34NdsvYQ1pwue
1660,1GKQtFqdro3r9XnVMD1AvfwjXXkQAg8xNo
1661,1K3RbF1PAuSvMykFcoQqGcwEeaXzbEtYxr
1662,1CSv6KqYfoFAZ7khcVMGrHDjDViddyfvwa
1663,18hT8kXXd3BaQnHJ3J3waeie1XzcoSR3rZ
1664,1xCPtFeBDBYnuMaruMcyQ2SoLwQBh9qcU
1665,15scfoWcKrUEBhKMGbZ9NwXPqidcwumbQS
1666,1F5mhPuwJN4zCCf91Z3xqhLj6GCKq88Tti
1667,1HMBcRuggcBzwd2VDYvCjtiPpAcUTy7Dzz
1668,15VywGQoeH1G8xXkLdhxd1JmXiwmcCQGw9
1669,161WXiMD2qV6bPH2qVs1K3vFrrJKCRB7wi
1670,18yr9q2BfZ6pFPuUGGcL2sfwpBRCVZLwve
1671,13qsEKv4Ez3XaZ9zgnUi3mBcEB2nJUQvpu
1672,1EQkzbRbCDmJKs4BYqHLLsD8NEzZSLkTyZ
1673,1NKBV8np2ypNiLwAi99GPGer1yQXCodioh
1674,1Dj4dJVdme5XHJrDopTzfzXvr1iyQWCuU5
1675,17d6oCDv3QDWDs2CwLaq22shbwxFGeEhvt
1676,17ZHZCEjEP1TDH2thSpoY2BJXkauBSv6rs
1677,14EWwwmFqBnZHkK6fA8Qy16PVFCZ2gSC6K
1678,1NEKPxCZjLUk8GoL7fsQmvZnKDZq6Z1XqD
1679,14ESE29ZyF9NTZkUpBUTvFFXjgkvi2rbpv
1680,1EhGQXncbA3fbQp1PE9ZasisaWyt2rAZAL
1681,1KMon7yiyoBvGNUegMXMEDKZfc3Qu6te8h
1682,12wn7iYyxMARteYoyQWFZi7UaocqrDtMwA
1683,13At2SvzdDqvhSyB1jRHLgBoadnbRekAZu
1684,1Ps2mdyEXKrttv1tJKcgzvXbHPKRBWRBS3
1685,1CV6XQ47q616tY7LwZfryJ2xZrJm25dEr
1686,1QESwNf8qrR3LymkeSGW2V62cXtkrpndn7
1687,16Xr3rUrLpD62zXxiDWWhPnSua5mmv7WnA
1688,1AfjrRZaKG2BaZSwNifF3uLRF9pvQriBCp
1689,1CW9571qWcjscowUaHQFhM33yz12wmMsoY
1690,1CEHG9SB6S7XN8Y9mYW777Tb8JjVfMHneK
1691,1Eom5RKQ3XDyNJ9FFKV78qoFUeD3QBpZWC
1692,14UQdhPtC1U7Cnci9QZC2V2tbawP3w15vN
1693,18tWbYmeAXgQDAaW1vg8tGj4yRMDiGY6Lb
1694,1HtzQs2MV55WE4tD4pCaZkVu6ZX6idHtDS
1695,1Kr6QLSo1Ngr7p6ZWFCmJ2GB4hBojySMqv
1696,1BnHzfLFmzJxPUJQBQGhbGUmnEKCv3goM9
1697,16sAWw7WGuieNJdcRhp3AU3xBszG2aPGnj
1698,19a3uKUNAd3BTDCwEZtbDv4jvvxUAxVQvj
1699,14VXhoBqAXoP3LSpXKDgCT6qZ447WkSZ3W
1700,1Z4dz7FMCuUTZXA5uYtUCNft1ADnRRsqX
1701,1A164rQjaU1TnxhnuZECvJRwKen9GxoxeY
1702,14u7ppdzDPhCTv2Y4THF83R5jh9hs1D8S8
1703,1ASmG1XCH1QsmHuAPEsybsbY2crQDZHGDf
1704,1AVnJoxTzACNKgmLuDr2iW4NTqFFYE7PvE
1705,1NjyTJUEyZXuC6bWWpwji2V1hLDziWKouG
1706,1HFVE6CiLfgufmHzaiz31ZSQpnjsNij7wR
1707,1NJ7nmQWGoQ5gYx8JJBPzBF7njYBQaVZQj
1708,17YT3CYcLH7XaJH81w4b9vzcbz7TkDKdkA
1709,1MnrwCKFT9XbaBjTU8ScTJZ8cuPcRrcodD
1710,199eJgKotu3Pfv3hruaje5Q7P7kXfCWdVS
1711,1FBJcZjnwSHbv48aVvCWsvVTWnfEgwcgaN
1712,1Cn9HSXa11R8D2sntSqScnr5kowoA1XPCz
1713,19dY5b194vFpFAquwpRXWYQYzeFnyPzLJL
1714,1JHZVRwe2wbdbbHwxV1Lt5yvYQJWG5VHDM
1715,1FGHB2VvKNdJLj8sBxRYLeTZhK8dDhYnaS
1716,196UUQPazFyrnhhDw4UEvPixaDoLxGkY9A
1717,1wbJ4ypK2zZ47rBfJJeQACxmXL1eTx9Ve
1718,1937evAHPGFnSiiYfxbGDgcwPA4Qd3zhgC
1719,19kFUFJbL79U8zP3SB6d8BQcENhh63dbcX
1720,14yxFLFBstbuDXKvcnaHRCUxRzF8yXSymP
1721,13f2ngr7RufPcjtGMhL9XWExqzgagzXzUR
1722,1BPfJMWrcyfHb1EeU92htbTbBAMvKKbmq4
1723,16XYRgMJgx2B6HFVrh9X4jRa5pgkidzb4r
1724,1HGRwJaNhqvbjWt9Q3r1S1o5BK2TWzCGNK
1725,1DRSN9DSvkrgFT4ZiVNzGtZ5N7upZiGSuP
1726,13Lkgx4tiv4VXek2tJJMEdKmnPjezxrxGd
1727,153fn1b2enAM6tuYc4x11XHyQjLE9FbPSK
1728,1LyXbCtwbzP7FRgskw4AuL8yAABXBePoqM
1729,1PM6LV8HtoX8TdfSexscgdCN4SFYx5xT2f
1730,18HMWeVuBxpt8F5RVKAf1dib5etq9vxWQN
1731,1LLLXaevB2jHNGcjjiuQhWX3YXyyEQKJgN
1732,13bH145FxbPp26Hrkduuapr3gSZhrGR1nT
1733,14TrKzGhSGQYYNkBvA8oQsnLcccL9ZmGLc
1734,1KHd56LY7ELABWxCHtVzNAiB4BNDFNzExM
1735,1DMmBgUsZNeHa3EbA7nB5mD7Zatu3WSV2G
1736,16C117awwUcN9hRHtNtfsZwrUyXWTE79tD
1737,126S8iSrd14juF9yssryFhGGD3K4A9c8GK
1738,1ErZUZPWuaktVaqLmUzK2sVb6JJ9H2FFN9
1739,1GrpLEvigfec8rbftSb6KmthHB3NuUwfqo
1740,19AYqrkpz8yLrWKVGQWGsfryvw2ZsUENUW
1741,13vqGTCgAwHXz3zkwZkNMyKVMPtLJxBD4W
1742,1NaRsKkMuC1Y4Zhmt8pEChHgMHDsNo2vF8
1743,15qNbSVVJEmEwu1xy36nQKJBsr9PFQdKTL
1744,1PZhnzXqWidfbSoRsiKCn5a262XeTyHzwe
1745,1Ejz3gjqfH4iVxHLJYd2MVY718wuWLAR9t
1746,1BZJRh74B2ZR2Ph9hQjbruaAAH9xuHYXMZ
1747,17RujKTxQK1YREDACcTaDTHciUsYSWjzt4
1748,19TAVuU8Lw5ita2XXzGYJxkJUDGrUNG4pp
1749,1D7Wb8HjRhB5eWsaDGb1jVMZ7J5hs5USKM
1750,13PA7wQavdVTzDmDYMamXZBpYjP3ou22Zn
1751,18n6yzLtUfcZDEaN7ZxBQdL2MpzABoRw9Z
1752,1B8Hxih7FrAc3KUnE96q9d89ZKZFXBUnrC
1753,1Co9e5G5jSNpFpjRSZ4HN2VdK9VsrRsy8v
1754,1Dc479aZ2dGPCSNUeX6z4SJRNAmmRUTDoS
1755,14zq3b4aFugHA1o1QM15VJPzX73uyKvoTt
1756,1M7wWPiJH4UDwaddAH1t33SaxXGBGyJHi8
1757,19rdHmpDxPTkvYZ6DenWANnaAuzLHNRv5u
1758,12AhXPNeBkSyp8UQ2Md1sMUoNTW6F5W4yz
1759,142Apq9pCJ6kAygPq27DTw21GABTqVn5Ge
1760,1EiosUNW7UNspig8eU7qodpr9iwoqwV5k2
1761,1Rtgy4P8rNwPg6nxcgUXxKxP69N3smM9N
1762,15wiAWjS38NVfuyB5GCGF49jEWtqnQu1Fj
1763,1MsVaF8EBoM7zsVK3DaPnFpdPXFv17TnDd
1764,1HApex7kLzwUecLFaHFgug1cbi4CgQjXVR
1765,12beiA4gcbtjgz1xqALWWJnCSGaCuDUDWb
1766,1KkARmimS1tdVJ6DouoBLXmfAgJuRjxYiU
1767,1PKj5U92iEBLuAJxqEwXd3WDTdEctQh84B
1768,1M2kokPHzxbsnWVt5KjYVJbmYkLWmZ77hq
1769,1NuLK4m3pLV2jnX3p59JHW4ywM6JopMg1H
1770,13inH5eodZexdgbpWhXMmjARPFwS7WvaJ8
1771,1NzEn7zxTQcTovb9TpoJ6vqGKr7r3wznCb
1772,1BVTXcEYFhWPv7QM4vSjbKSAo7Q55DDwpq
1773,13JUosGwbWuMttzoq8VFxXVb5U5vaqJ9XS
1774,1DApjqbccdMRVDBbrnTmQSmJkTpMsUg4Cv
1775,1KJpwPgBrPJu886Rq558zCLaiLGVhNsAuF
1776,1BSXCW9MXcb8ZPQBHX5THbZvptuVJi8XKD
1777,1CVkjKRPRezz9jrL3y3CLqt9yhy88dhZza
1778,1Q4YRyDYeuVkRtW8YWehNg1Ts3mVmpSvGB
1779,1KVFmMaUTzZuR6PB87mR1jVKFfq2CzFy9D
1780,1LpuaH94N4L1h4AVFUZK583YpYf7SfxZrZ
1781,1MVq3Uhh4v7TUanGpbcg5JTcG5tRf7y8aL
1782,1NShTnaYfeb9UhpPguNjcG9fTsfbxPCPQb
1783,1F83hK3Mt8NMSb4qewX8j6DiC5kg8WP5T1
1784,1Ba3ar4HSs7qZN9j8SNcNXU2TJRsjz48EF
1785,1L8bTYp3aYyCXPWoRZU9eso5FoaAXBnonF
1786,1GWXEKLJgnFRDDsehAMv7ur7N418aN6Deb
1787,1HwZ75DZzim3LY9R2bqGPuGY5Z7QQvytrY
1788,1LdNb4K4ftP7xRuq2NjCNniAmzvZb1mN14
1789,12DriVum27LTrCEBjDmXtjDE7XhaPxAPwZ
1790,1F5N4vdyksZcKTVPW9pT1yxBm7wr7XiTiZ
1791,1ArH9x711DazhoD1r4EXR2V3T6mseN6ZTG
1792,1NX4nsqmFjWTe1mxRvqAubgSPHyZY4REh2
1793,124L5es6hwG29LsFsMrxxhr57quYrf98Hb
1794,1KqjT161WyfsV64E8Aa61CNn9htMcf7ALQ
1795,1CJrhjKTvwP2ygimPNjWFt4psS9RHhmfxA
1796,1FVX44mYAWjrpiNcjPwdURxYCjHnkgtfzi
1797,1L6YYFCuDKKY17wEhakkRukH2854BGb47u
1798,115c9zm9NWCwHhqEE7Dku7zDaXjAQa8SDE
1799,1eCY4GC5yvsZDue3iJ4nji6oJycNC9Qmz
1800,15qN3rSnzcbbXWCk1tnNkpwKJH7e94L6GL
1801,189ZwjBTCt1N35UQLuKZPGNUm7hTYbXVAe
1802,1GQbNrahZsyVPyrXmtxB2ou2eend7JC4fW
1803,1Hyaexn2hcQyU73vvtXERBcL9iTdFTCWhR
1804,17wh1qfH5uLgb2F1nHMb46ThJLF6dmVjgK
1805,1DqJSQyv3bcsfpGbN5cjxMRs8jocidCmqt
1806,1BNgK1Wy4bk5Yj8Tn74QituYxgfkFzReCH
1807,1LKXXgasFY9qFtQMS6FFDkv62hhnRfgdTi
1808,19SB7xSfQEWCzR51fpmnYktnYjB4wNybrH
1809,17D2pExuCW82xNKfewFHRtGsHrQEup9vBH
1810,1BYUWLcBK2W73WxQMaGWwQFHnpT2Y3MYvC
1811,1AqDH4pbn3HUYnMmHobzLYLcWBdMzVL4xP
1812,18YkETw7iVRDtc15KhbDsPnqWgpj5xk9QJ
1813,18ktFk9mSMGawuZ26icERgVePrmxfxuXYr
1814,1YkUkAL4Fwc3Uvg8VdqsUkWP1EFNFcPZn
1815,1HpgLjgHDN5YME5qYftz1TYsLkbsJtrbou
1816,15P1xij17dnmZ1AgmUik3m8mjCMaqTtMRM
1817,1757216QhzkmowpTbrqTf4dYfF7wzHjzUe
1818,1PD2rjcy8FgPWXX5Rfxq7VqXd4EtTBf7Jj
1819,18sdi4ReJ6qgknxM7EAt8xFUk5AyxCuAVs
1820,1GD9rnQcbGt2CS7wowsudP1WxGfNqFYmKN
1821,1Fw43RDeXoYWMviYyejmRUyTdmdjj9C4TW
1822,1G4TshzbarHQtsx9caGC7dwUNVhGkHEbxk
1823,1Nn5csbnMNffQMF9vi7CRLtY8XF6qGJGtf
1824,1DKsKmLTEzrNGrGMCNP2paUgH6Erj2SiU1
1825,13qi51wtfY4FPnoJk7PjwqMWWvfLS8P2gG
1826,1FkdaoB4saseA7UEK9HhjdpT1LFz78YSUK
1827,19Yrc5hQbQw9Za638fcGKZdFvS6pg233YT
1828,1AmAeCo15QFEU4c7KRqXBG4dXGhSUeFTZt
1829,1Lp2pQUN6F74XFfLrBLZ9jwD5Q4HkHHHD9
1830,1Jo7PGxJFBsqJMjtE2cFRLFnwcW2RTRkqZ
1831,177Y3krdvHAKKpwEco7V9ShyoFfaTXRQfU
1832,1LDvNY5aCNGZUTZHEZDc5p8FFHdhgzaEwh
1833,16oYWTTQKmes6iUvbJB4yrexgFGBkQjYvs
1834,19LNRvZLm1Xtz155R7Weo19tRBB54D47FX
1835,1B2jiVb3cwAfHzDXAdpXjaheiNwXAGCvN6
1836,1BF84z4ykvfpovuaXA1jDiXyyRiHS5Km6m
1837,1F1DEJ3iGkPfJFdnvhmHPkQpx3moL1QLs
1838,1EWnAGVASHoU7BQPGMMZxBdYCJux3cAjrj
1839,13Rp9GP7asYHNAHiUhcAD3P6ysoETjoJt5
1840,1p3R8WfEpxKVCizGhVZWVs7y4U1xLqdQd
1841,14VADdi3Ns1vC9svyQWABfVbJfzRScnXid
1842,1PHLxQxVY7GzjPHCe3vE52bwvLPmo46XSA
1843,17iTSEW3v3JhhpiEKRFrR3Pnre1fQqt7Qg
1844,1K1zQoaoQtTqcyNtXim6Hgb5L8sLzmRCss
1845,1EKybbh8r4qEhsWaJqTkUKoQSE31XspDCw
1846,18fWBX2QyFZYC9DjZRABFd4HhKe1boqGUS
1847,1PCJp13wafWsvp9ecMogd2G1PqeCQ9sm5M
1848,1NXfJadrtoMzgnWGqLydehzpaFmPbbuxXP
1849,1MekCzKZ5AxaEFFe3E86ee3r7hpWXotm5C
1850,153aQuwQNChFwTCRW6oCKTKkP2TTS81wxW
1851,1EoWQ3wEpUv8aF4HzZmcvuJjL4ztDMiq8w
1852,1FkowCE7TmNMsJC9e4CuBVq538Jy9fi4in
1853,1FhYWbyewos9GuHEazqL18hHLUHsLrkPAJ
1854,1H251rwAxwJJg1gJdeexoj91snv6mpgCNE
1855,18wWWMx5GpP8nzLVxkgacEZEHdiu7H3DeL
1856,1ASzZqAxQ8Td3zYxwZbkTT57E1zgmkaJ2y
1857,1FFqVsNaECT3dNaLbw41bTqMv1LhVYiH3R
1858,1NPUk33eq5Z3Lcrqy5RAx1YuLmbbMShb3L
1859,16uYmxEfNpmGaoqEigrXyZQMmUhoxw2Q6o
1860,1DZYiTeab1n6RAE5AJQqd9a8N5CipMi5py
1861,1Mp6RYQh38rGGoCxfDMxqn8FpkTCrSE34Y
1862,191gjJfNfyo5gwpTaHVqrx85AVhRAZkUib
1863,15HXtvuB5y8pZq2oT2PZVxcw2ZzSR1ajrr
1864,1DoCYKHBYBZfyM9eTse6v2jUcbcJQPG8hK
1865,1E9Szziv72Ch3gRfqAiJn1pPUoWmgdeofM
1866,1N9JAUf7h7UsqjcHrVFyXRhrkbdXwbsQ1t
1867,16pvYRHaLY7rq29Zjk6XoN66mHCp7Lh1Be
1868,15QjxWaAiDUQprwGA7no6XEyx9aznUemoT
1869,1HXYpBXsHBCaPr3CAfxUNJ1iaGF5ExuRGt
1870,166e773ZrPsYSVq4EQ41pN9AzudAiGmsQi
1871,14VLF1sf4VNfPAVSTspYExbuSyBYY2fNqb
1872,1Q6fYt5gZYLPgzD62W3cEz9MY4HpKkpDR6
1873,1AbWNa6tz1SVE1YtY3KFEiV8mzkhLmRpJ6
1874,15K7DoaauJvLZkWHfEKiaAPjcwMGS78q7i
1875,17ReLXQ8aUoHLd6xBs1EFvNYsrgANnQG2i
1876,17oUGz6c6rGpdz3JQQzrMWDUeHvWM1sm9v
1877,182W41tNsvbej82g7ZPXj8yKczp2q8cKB3
1878,1JBja69u2eWEq7LbK9Cu4ad6FumCuEoG9L
1879,12UZfTMWqbzhvnvPEuYswWo9Fvr6LRxpzW
1880,1EM9G2Q8RDBqvx1MmTEFoTGRWaCw5nk2s
1881,1DqvU4QnryzRLcnLKg5moivnvPUEibaL9q
1882,12w2GyNVVNW94BZNAPVdrs6c8xyjZMqXyC
1883,1xHuX5M1SkS5WR4jST4QmG2VafLD7UuDJ
1884,1AZ4T3fuvTcKqWboWwtZq9QS1BxwN9JbC7
1885,1BKGMbjdrnGfDDpLny5Jdu1PofGmnyb7GT
1886,1DFL9JTYZuhxcF5hNtxvUWVQCTprqsqFsv
1887,1DSJQ7ZXWaimNMCXYX7wTjARGb82wLNLqE
1888,13BhNooD9S8DP7EFjWRnpXx1Qexodxu6Kv
1889,19Z5GCRG8RRdX6etCsQg5YWikrYPyEDpFu
1890,1F87sJJkyRYMmGJaRD2CD623363Q7kbqN4
1891,1PEHGCDD9z3y6QSDwtqD6BYXKM5Vc1D597
1892,1Jrmaq2o22eqWmcEKE62Ci88XLQoNTz7Zq
1893,1J5jYBepwitaGw8z5ARbYACjXNYP9KuoHz
1894,1Jx6Mkx1uuMCdJMPB5RTCs1tngE7za1FHw
1895,1Fxs4HARuDW3WchCfFrbVzNajsafxPHv4G
1896,1NVu9i7FGhkUp8unNnLsskmjGEUXwdvPvB
1897,1F9zHasyThyWqhsguYzNpZ1qbvRy3pwHzw
1898,12tVbHn5CFKHUSp1eQvqVmNFhniqPEQ6JQ
1899,1DT9CTj6yaF5J6qjVFGoJXG9W7jAMBYsJ9
1900,1MaT2W8wMbXQ7QdknK26uoK6eVg5NHN42A
1901,1JouASncjiv46JEY43Y57rYh186yZtUwTU
1902,1B7TDDNw73GgpXj45BcYxXqQLNgjdWcuYe
1903,19icFhUQPcKba3d1GHH8YvTU9MupjtAw4c
1904,12u9awmssU477GuHGidPRjqUeHp5tNw8oo
1905,18vs3wFiimFhp46sdEGtGUJjmhvnJGf2HY
1906,1HZtNBeLncYxBRvDokpMy5bgwPr6Heswew
1907,1HHUUfEBhLc3CzuQrvVUtiXDJcRVbqfR1S
1908,1MVcTc5H9rNrcX26iSqG5aU3y8YXsbkUhZ
1909,199rdzFHJcz171breCKpaQLJKqguZeYzyS
1910,1H9hibx9YvDJuA1Jp69HG8BwufFMpsm3Rp
1911,14QZdVgQ1KNK6cqFoe2oQh49BdU5ruAGhn
1912,1QE4uYmWj4ps3LD28RzLzibq5pdQ6Bx8RG
1913,1KBpCS9yQnMospay1XiYQixdg8qUjBGWT
1914,164K6NKAZDRCURMFdtBdcHyChXaaMYgkEx
1915,1269QBTe5vuC3P2HAisjJmLVcnTu1mySVF
1916,1HeN6fcFo3JbEF9n6UGqrVXvrNJiG8BRwM
1917,1PdsFpo4Afb1zsLcz149Pc6SDZSZo7dBX4
1918,1FiNmzpuYzTrGLJ3Da4smQmAd35DG3VgKE
1919,1HD3wt5zhNvQN6QSzzmuWaQ4fdvbgVSNAG
1920,1JLt9hM5L2Jf4UExA2VnPZjC2s44VGxG3P
1921,1Q3kKGezPVFDTfJU7khqFcN9NjdE1inzCi
1922,1DvyVkJsq5iYfpEmiJH1jstrmVTThGoTQG
1923,1MXpCbDGHha911eevgfizfckS4m4SbyvcB
1924,1A1YQqtLYrMAFapQrKTSQeiCs4iNjiX54o
1925,1LNKdCgSWdybZurBcZ3KLGxLGz2s82V6Dc
1926,1FiZiLR8NVcS3PR6MYFduLsMDwJm6iHqW5
1927,12T5vRnD9hQgzmcXcu44nZyzLjvENC2fNz
1928,16oA4yYamfdX7Yqv8AahT6wWwZCgdffvbF
1929,17WuKJjPhJDpdaCLpg5JDkDhpUke1KozyV
1930,1FL1M7ynnfWFbDWpdYiUCtpojhCKDQn1E9
1931,1Dt67cgCdsofKiTNVRgYsEXvuJb5WxWKUB
1932,15peJn9MPF17BFEWdtbHDwkbLDfZNyU8fF
1933,192iG8cJRWEo4EdiTdEa3xPDTbi2pos476
1934,19ETzeWYLWqLgvCxEo17eurpBLAFkoB1JY
1935,137babN7g1YH5bBmcQntkZ7VWdDAjKGdr7
1936,13w23CvkdVvqMa6Ug9ku52bZdqgQcfWtjc
1937,16KHCixNutT2pVt7HgG972wVv1tGGME8GM
1938,16Ho8dQi5Jj6y93K1LZ7Sqk5oAJ96ZdLDv
1939,127eTucF1xZgPRq2ua9Ub9fpEUAq9ZYJLy
1940,1N1fJv1yrJiVgY8rtNiATyrCkYdeGCtWWL
1941,18yL7Aobc8hb97WRmfhVZFMqUYWbqJT927
1942,1Jy5B5Wfnq5MWCovgsTC3LtGzfbQGV78Au
1943,15HrDwj1T5nnRguZQ8WLcMcb9PmNjGA59y
1944,12nHvDgnqXN27bf1KXtTgynzvqgYXDJNCk
1945,18JADprF9B9yrkQYD9RDy61SXPKKvf825L
1946,12Eut4utdkzFYFwnhtgc1bojGvvwUrzh7f
1947,1Ex2j69jZCJp1briBKM2RwpfqA9Sr7k5Ly
1948,16ToYwzQkF5EL1kGT8R1hVUV2jMH9E7Men
1949,1GT7SbsRhWYd76JgGT3PwsEQnguzs16xzz
1950,15ye3HqiURNib94wsXvieiCdJ99G5A7KMQ
1951,199wWtzUX82sFSbkM6VMC2M2dbqai8LyNK
1952,13ow3qBvZVPdPsifhYfz59rGKcmtyS2wvZ
1953,1CxwPWAKqeHSCXBDsdxGhFZHxnJ2ez8cxK
1954,173Krrn1pyuNxGcSHg7Y2BYRfVz14kLjGf
1955,1HDdC2g9pWLk5MMZbkDJcQ9q3yC1f8Hgjw
1956,1CKcSbjhiXKJEpRyt9iBhvGig1u2wwERm1
1957,1N6Vttx7fVHYACDT85iu91GbiburREPhBF
1958,14NaTTBkeB7o8EqZ3Ww12mvp9sLP4CLBcS
1959,1HFoTNqHzNXXQEUtpTjVLAX8WvAVbT6EtG
1960,12PyiNtLKxdaZSggjx1yJuBzSMJz134Ccp
1961,1LJfnqGeWH9FpuqKtng1E3UQtaNb8sr4z1
1962,17r2ajDUjVVAgfoFU6sUN5kzhpheMAW8Ei
1963,1KPFn3TGtsnyxSB24CbG1sBS1Fp9sYYfwF
1964,1KHc7ZBr97W5rS1cmnoJs3AsN3jaYhKSTV
1965,1CzmUhLL8kpCGdCHq1BEWnYgaRPZevXL4H
1966,14UKi2Ch92VK2kf9n6GyKfKzJQ5L3y71tN
1967,1M3dTdsipgciwx2QXve7yDr48nZs7W4zLn
1968,1BCZ3dKqL1kcfH5viT3F4kcsk7jhE2shLR
1969,14yZ9Bzz4NDe2TK7HvBLNR3ekFs8HHxAXG
1970,12SPKDrZka3YU8dDHGXUtJwyVh5pgtUxDR
1971,17Sj5SWd2CCsqzDKUkXnhSopc5rnh5tg2w
1972,14Xzu8dddgrqm1Gsk2ugwNtjTUtUnW9oTn
1973,1KyEsQm27gbprcQQn7pEc3KLFwKNxP8bRR
1974,19teFWCNxrEP742fxLShbDyHcCPMSzvXWt
1975,13QJiSuTHkmgq7grJ3kqvbvWWBWzirCz2P
1976,1F3XfrMvCDVMoPKS4eqWw1WPSv3Wo3wdZc
1977,1E2ReE8Nwoy9GYQsL1Mvib1ADba776Hww5
1978,1GF5k1Rj8PZEeXaLwLyMPw2VBxEXpaeDPa
1979,1CVjTzS99yCyAvPvdoSxe2oTx1wbpaehus
1980,1CDFhs3qxRfdhvfBzttV9iqViBikpKsq9P
1981,1KVpbsEXY4fhnCPuMCbBCbNEnZUaepytgn
1982,1CFmW7HhU4ASMmUKWjo4NpB8BbQz4MmCZx
1983,1FxPyMDxkeeff1mL33Q5aEjf66PFySp9bQ
1984,1L3N5iqNcmqaCGuJj6uVPuAXVMB9JfYN6a
1985,1C1fwZ7hsYnqzYWBxma84nVSd3nGNc5NUd
1986,14sBdaUvbvV5dQ4JnW4UXhcUbksiRV3TGK
1987,1H2zA68RGtXopBNpGnnXcTscvP1MTAps4C
1988,12ze6W6ZTYZWT7EdKmcyt5eUNHiGgMYR1q
1989,1KLcCqEKiMU5Uus2PXghuZXKyZFDouH8kj
1990,1AgH1CY1B32Do4TjyGhoJ7aaoVVR3DQEgE
1991,13RUhSeezsAmXN7WNSZa2pWbtECzrFvy9t
1992,1Pbn1U4sZWEzJH9X5Cr6LUCsVCoa5iy8ei
1993,1Kx1wwxJvd8amv7LAZS6TapbMqs4ZtGb2P
1994,1Kd1G5cxiKF5dq3n3t1kobHM5TzDVfXeR2
1995,13kS72F4DzeH1fm2a2ztJuDXe8UBG4Npq3
1996,13NX1pVMTtfk6JAszu5Hrd5XzXyUhvZTZ3
1997,1JM7nPTagafsMwGAkTYFJn94nctfkRRPvS
1998,1NfyEbuH2rZ84oTr5myARfNfPC6z7V7BG3
1999,1Frxzf9rw49tdg77GetktAeRuWKiLwJmsK
